wallet_address,credit_score,cluster,transaction_count,liquidation_count,repayment_consistency_ratio,collateral_health_score
0xdf368abe1d4dbc5352acf6cef88967be0e33e65c,100,0,3,0,0.0,100.0
0x502cb8985b2c92a8d4bf309cdaa89de9be442708,100,1,149,0,2.3333333333333335,100.0
0xc8355d0e2c265b2fe495ebbc0fc9ad992b40dc8f,100,0,6,0,1.0,100.0
0xa7ff0d561cd15ed525e31bbe0af3fe34ac2059f6,100,0,8,0,0.0,100.0
0x2025a9196d6fa1011080845c6877f6460cdb302b,100,0,8,0,0.0,100.0
0x6316ff9d2c96b6b122e0dd632ab5831e0bf5bd10,100,0,8,0,1.0,100.0
0xbd9ed130a53cfafcf81502e4d35329a6c4d53410,100,0,28,0,1.0,100.0
0xb7625573f98f436554fde189bba8f1cdb57a6b97,100,0,6,0,0.0,100.0
0x4654f56a64301b9b582f843f97332d96ead11ff8,100,1,191,0,1.9870129870129871,100.0
0x419385075dff229926a63812ac1adc397ac32e27,100,0,6,0,0.0,100.0
0xb3fbe25be2e8ca097e9ac924e94af000dd3a5663,100,0,22,0,0.5,100.0
0x869ec00fa1dc112917c781942cc01c68521c415e,100,0,3,0,0.0,100.0
0x4da2e85d64bece663ccab06e89b970b6b077f22f,100,0,4,0,0.0,100.0
0xc6f6c89f7f297b5230d2fd028ac06f0677c1857b,100,0,7,0,0.0,100.0
0x0f3c2476fbf0ed09dff00ea7f4ef252dcc72e6f1,100,1,191,0,3.9478260869565216,100.0
0x2cb6e0d54a9f11a3845a9f7c2d0da033e76a65f1,100,0,10,0,0.0,100.0
0x4650e8c294e74c3bdad60b087ba3f83790675630,100,0,3,0,0.0,100.0
0x07e95d25cc81ede3716c331c532b9061a8b2d93a,100,0,3,0,0.0,100.0
0xc587a54fed0592e8e8002feb2c2094d68123bec5,100,0,4,0,0.0,100.0
0xb8196b7a3e3afb226c629127735fbbc9b5e0758e,100,0,4,0,0.0,100.0
0xdd8c96399d5c16456910e58837c2da8224568ccb,100,0,3,0,0.0,100.0
0x2a1f182e58d4c5159fd73a843e8d5cfcdd2c2978,100,0,4,0,0.0,100.0
0x731b675845a7c66f77ccb456728100eb85dd0a2e,100,0,7,0,0.0,100.0
0x09bffec48df3554e28004788e57dd55fae471b4d,100,0,3,0,0.0,100.0
0xd15e0c0501661078bfc257376696c8dbabb19729,100,0,3,0,0.0,100.0
0xe9d942726ec7a457ae5c3fd0370b2c1f88ebd3c9,100,0,3,0,0.0,100.0
0x9b977ff6b1ddc747ecbb8cdab2c750230ac08888,100,0,3,0,0.0,100.0
0x1f3813ef296a756718e76e898532258faa256a2d,100,0,3,0,0.0,100.0
0x43776a045c7267d660fbec0734dd875e7e43be27,100,0,13,0,0.0,100.0
0xdbaae79e8c2e2200092035d995a0dbb80839ff5d,100,0,4,0,0.0,100.0
0xb9d771a2a3ebe8e52cbb684b7c80d6f945509461,100,0,3,0,0.0,100.0
0x72a38f45f57d8c25425a1712e7bf121159bf48dc,100,0,7,0,0.0,100.0
0xe9e9b34920131985d5e948c56cc8e34a9e1fcf22,100,0,12,0,0.0,100.0
0x361622264aed52ff036ff8314adff6657c4153e8,100,0,24,0,0.0,100.0
0x8183866223445441b6fb9206b9f0b583410977e6,100,0,4,0,0.0,100.0
0x38b7334d117b971dd45b417b847f8434f05f3014,100,0,3,0,1.0,100.0
0xb819706e897eacf235cdb5048962bd65873202c4,100,0,9,0,1.0,100.0
0x0be0ecc301a1c0175f07a66243cff628c24db852,100,1,137,0,0.6944444444444444,100.0
0xb36d37110417c0ca0b79b5d262868cc9444f7550,100,0,13,0,0.0,100.0
0x8662f71896d5770e2991a2e6fc1836c5c5ba3a67,100,0,32,0,0.6666666666666666,100.0
0xe0ad79cdd7d049c9c12afcbffa33c58e118c48b0,100,0,12,0,0.5,100.0
0x0029ab135b5be72168bf80f140d60a9264dbd0c5,100,0,12,0,1.0,100.0
0xca125321e0a8a60d882f1b38fb7077aaa8eaf53b,100,0,8,0,2.0,100.0
0xc801563cbb782aa5ab74911be68bca6cbd8f36c5,100,0,6,0,0.0,100.0
0xb6d94226eab23ac1602113bae51e0f37d92a50bf,100,0,8,0,0.0,100.0
0x23732c68e444c09fca1c139d9e90a58217560224,100,0,42,0,0.6666666666666666,100.0
0x7e5ce10826ee167de897d262fcc9976f609ecd2b,100,0,20,0,0.0,100.0
0xa06dd7ae30effce6d0aa7fd0fe1a0cd4a1329e4d,100,0,6,0,0.0,100.0
0xf3061977e324ac93e7621f397dffc7bc78489fd4,100,0,18,0,0.0,100.0
0x15c423e2c5e4980d556acd3a02ccb160d0a1d03a,100,0,8,0,0.0,100.0
0x8e5d30f161ba3ebb09dc3c1f06515656af34baa1,100,1,76,0,0.09090909090909091,100.0
0xe41b78ae5c2b19caf9949f38f3d49aa3f50a8afd,100,0,4,0,0.0,100.0
0xf157eba689047d5d6b0ac629bf46a62a59ad501f,100,0,38,0,0.0,100.0
0x82990656227e21064f63c9976013ab3181b7db7c,100,0,3,0,0.0,100.0
0x3b2e298b401d1e11ce6ee82b54792ca435ce81ec,100,0,9,0,0.0,100.0
0xc09544da6f50441c024ec150ecedc72de558ce94,100,0,11,0,0.0,100.0
0x14559df3fbe66cab6f893d8dd53f7bfe68de9c65,100,1,128,0,0.6666666666666666,100.0
0x65c0783de9b033d1d5d0d300349a0144af4b7535,100,0,5,0,0.0,100.0
0xc8315afc044408ff3b56b84fe991c84fe0816e12,100,0,38,0,0.0,100.0
0x2eeeedef8f6d93facfb10521103eb377cbf930a4,100,0,8,0,0.0,100.0
0x68f5924cafc5896405a6501939b938109707941d,100,0,12,0,0.0,100.0
0x8fdd427fdb9dbdc5d2798cc6711b616467a802f2,100,0,20,0,0.0,100.0
0x07326cbe4792e8e3c1f61c66fefee8253eb2db0c,100,1,191,0,1.625,100.0
0x124e1fafcadc2c017a17b4bbbbfff3867b7dee35,100,0,11,0,5.0,100.0
0x19360799a15730fac556088793895aa7650ee442,100,1,83,0,0.9047619047619048,100.0
0xb631651cb570ba0c0d696bd5e4860cbd214f20a0,100,0,15,0,0.0,100.0
0xd2a24131a564f00ebda75b34fc6fd5d91bc32693,100,0,3,0,0.0,100.0
0x815721a8b174a18aec0c434706c289b08230f3ea,100,0,5,0,0.0,100.0
0xe6f6f9492098aad009faa3f9b84f35c0b6ee7f3c,100,0,29,0,0.14285714285714285,100.0
0xa1df7157e5eb60c4f9bcffb6a2f725a4b6492ca7,100,1,57,0,0.7391304347826086,100.0
0xcf27ec0ae6f3c4aff868b2a19f8dad58cdc8730c,100,0,5,0,0.0,100.0
0xe2c567cd62bc1fa94d75f0bd7611b231ad02fa73,100,0,3,0,0.0,100.0
0x1bcfe4f499db23909a5ddc33d6e2d879531176ec,100,0,4,0,1.0,100.0
0x1c49f9aa2dec3ad25d4b3efc29a785cf17691370,100,0,6,0,0.0,100.0
0xa53a13a80d72a855481de5211e7654fabdfe3526,100,1,56,0,0.5882352941176471,100.0
0xff19ad332cc5bb32703a3058c6f93ce177cfbb08,100,1,54,0,1.0,100.0
0x8242d744f0d94f3a3e11258d727ec093e2b4589a,100,0,9,0,0.0,100.0
0x0b013cca6335dd62353ca60ecec9c39b5227d270,100,1,115,0,0.058823529411764705,100.0
0xfaf95953a36ed1e8f8426ab5b7eb53da246e3476,100,0,31,0,0.0,100.0
0xf85a551811c40e7ffb912a21efe2c26277be8ebc,100,0,22,0,0.0,100.0
0x9ce8f85083fcf364467a827cb15730102306ed1c,100,1,161,0,0.8591549295774648,100.0
0xa1fb1ccf3bd712972b06a089c6c69fe342a52af1,100,0,4,0,0.0,100.0
0x5c10afd2e8c8ae7e282aea60759209f32edfe3d8,100,0,22,0,0.0,100.0
0x9dafd2b0627955f9398f65324af581d44958d4d8,100,0,9,0,0.0,100.0
0x7c65eeefff2b7127df173b43b7c93b93ab75c7e7,100,0,11,0,2.0,100.0
0x1658a95d08bc44111a93f7afcab8444b7e8dc0c7,100,1,66,0,0.8695652173913043,100.0
0x639e4bb8d28d477beba288da38696948df14d68e,100,0,4,0,1.0,100.0
0x5632cf9a1b4ac936a3c6d3d66eb75c0344c61c2d,100,0,34,0,0.0,100.0
0x9079a0a7e0ebee7650c8c9da2b6946e5a5b07c19,100,0,14,0,1.0,100.0
0xc8273dd8a2635a15b0e34f838d0613b7609c30ba,100,0,4,0,0.0,100.0
0xa6e8e242a6bbdb87765edb408530348b4f51030b,100,0,7,0,0.0,100.0
0x7f9095575034fadc9bcaeb29c5157c9c6a8d89ba,100,0,4,0,0.0,100.0
0x5da581400c1a404811ab251680e24eb73f679f18,100,0,7,0,0.0,100.0
0x9de91512807a33d1df1d7ad07a99b220ed719269,100,0,9,0,0.0,100.0
0xcb59db511a5922303cc867e2853d5cad72698deb,100,0,5,0,0.0,100.0
0x8094f015cbd787e16a65ad0ab606c41d78c1887f,100,0,4,0,0.0,100.0
0x3d41bd2623c454ccf12cb1a943b3a2fe1a7a3f86,100,0,3,0,0.0,100.0
0xcb937212f1dffa4dda6837cddb4788d1ce5e0251,100,0,6,0,0.0,100.0
0x0118289457e9fd02c05e37e27a11bd09d3500021,100,1,75,0,1.3636363636363635,100.0
0xc721921b29618680c19f4a4d1458f82689c126ce,100,0,6,0,0.0,100.0
0x5581a2536f0ceb3500079c574dddeb515d8b027e,100,0,3,0,0.0,100.0
0x52c72f8333bca27b9e489e729da979047e0dab6d,100,0,5,0,0.0,100.0
0x0aba55c93cf7292f71067b0ba0d8b464592895ca,100,0,15,0,0.0,100.0
0x322d58b9e75a6918f7e7849aee0ff09369977e08,100,0,34,0,0.0,100.0
0x9eb408e53dfa0c877b65bbe874de81247212380e,100,0,18,0,0.0,100.0
0x2ac4aed3a8295b967583a131f6214297f1ea531e,100,0,12,0,1.0,100.0
0xcf32352be14b4c39ea7b914f8c302de4d67f0ff6,100,0,10,0,0.0,100.0
0xac11719dd03db03a4ee0825fe7888b09db42c736,100,0,4,0,1.0,100.0
0xfafaf5bf3ddba46c38f6d71b9138b121a20d644c,100,0,11,0,0.0,100.0
0xa4da0f347c6abe0e8bc71b5981fd92b364eda4c2,100,0,37,0,0.0,100.0
0xaacb53d9ada6825be17020a445c6e9c21a22fe34,100,0,11,0,0.0,100.0
0x2923be587904f3034ffab36c86c495df3c21bc97,100,0,28,0,0.0,100.0
0x09cdd1ec94503878479e472cfb3573e145370a86,100,0,4,0,0.0,100.0
0xffd82f197d441201cbcf4a507d11f0efe8aa091a,100,0,3,0,0.0,100.0
0xb3eb6120f5c03e71dc5fbffef7bd6b7f71b22772,100,0,4,0,0.0,100.0
0x1a01ea6f99123f161554ae7d489976fb95d0309b,100,0,20,0,0.0,100.0
0x644239848c7b402d813295893db428aae7cc4cb5,100,0,40,0,1.6,100.0
0xec8e446c52f2d4ac9048aff1813c636ac8334fc9,100,1,191,0,0.7538461538461538,100.0
0x095e5d0fa083bf92f09e590c899aa962dd1bb5c7,100,0,5,0,0.0,100.0
0xdbc9454541a32fc0cc1b76cfc674a76aab6233a9,100,1,142,0,1.0789473684210527,100.0
0x64ae361c1c55f61a02d2c67a4c78457d5169ac56,100,1,67,0,0.8695652173913043,100.0
0xae5fb390e5c4fa1962e39e98dbfb0ed8055ed7a9,100,0,7,0,0.0,100.0
0x90eebf17ddf3c8ff2d096bc9fe0905cb2bd3d81f,100,0,3,0,0.0,100.0
0x436266c46e2c2e7c8546573d72d51b96652ad76d,100,0,10,0,0.0,100.0
0x6c70e3563cef0c6835703bb2664c9f59a92353e4,100,0,4,0,0.0,100.0
0x7060380f1f31ec257fb69dd4ec52c2ccc07c31d6,100,0,26,0,0.0,100.0
0x27b69c405d6c58f5dd83ef7e117355a4942014bd,100,0,13,0,1.0,100.0
0x7c76f4db70b7e2177de10de3e2f668dadcd11108,100,0,7,0,0.0,100.0
0x9fd31424cfceab50218906bc1b3d87fe7778ca61,100,1,120,0,0.0,100.0
0xe6c58978d013b757eb315bd6fd776bee2ee2b63c,100,0,4,0,0.0,100.0
0xcc98bdc61f62f09167670399110074d2eca72bdc,100,0,8,0,0.0,100.0
0xf1c2e041ab05d5330c43d974a1278d17f15d46fb,100,0,7,0,0.0,100.0
0x9792e20ebef1c51f9cd6331af8875eb49c78ef0b,100,0,6,0,0.0,100.0
0xd3293cbdb67c4fa6dfd4661c10f11d5b9ea9bcd8,100,0,12,0,0.0,100.0
0xd19604efb40ece1efd6df5de6d3892112b51e99a,100,1,47,0,0.8333333333333334,100.0
0x9dfac9bbe1119da5dcdd7b095db40920cde878ef,100,1,57,0,0.5625,100.0
0x80cbe79db5cba89d98b751d706f76b7980176293,100,0,6,0,0.0,100.0
0xe99b1148e185d2b8e4e901f60c0230696d3fde2a,100,0,7,0,1.0,100.0
0xd2af6eabb0c2f33e3cdc883aff75e29e9470756d,100,0,3,0,0.0,100.0
0x34456a0a60af4afd40b20430e19bae1f3338504f,100,0,17,0,1.0,100.0
0x8c40598633b68bcae91fa3199b5421c65c8cf82c,100,0,4,0,0.0,100.0
0x8ee78521568142ad68814a92a15360ceb6e939e6,100,0,3,0,0.0,100.0
0xfeff33456de40aa9ffc85b796cb731b91ea6eb04,100,0,14,0,0.0,100.0
0x5d041980e76e766c0b8ca414c4244e75942ccbf2,100,0,10,0,0.0,100.0
0x81da4f0bcea8d330d790da28bf5349d29ad51fda,100,1,129,0,0.9433962264150944,100.0
0xb9e5436ccbc77b8c25a3fdb53273cfde1e85990a,100,0,8,0,1.0,100.0
0xa733de1720caf66eac592adea2d00c6109494e9e,100,0,6,0,1.0,100.0
0x1ee5d92751c7141798b399dffa49e41591bf3caf,100,0,11,0,0.0,100.0
0x32c6b5db05b98907a29baeb7d09c79c95498b17a,100,0,6,0,0.0,100.0
0x937a00b56f3fe79909306d72292b965a00fe3406,100,0,7,0,0.0,100.0
0xbe746b3639af3d3f3a743318f11ce4073e71f42d,100,0,7,0,0.5,100.0
0x57bf61b835a8a49fe51aa4614f774d9f01bdda73,100,0,7,0,0.0,100.0
0x8c8c042d338ccfd99ee5a7c9398450554d59e372,100,0,6,0,0.0,100.0
0x856c63f6a02c1e175e36839ed262ee4e85e78a22,100,0,6,0,0.0,100.0
0xa17f75c6d52951699350f308d1220e2dca7b4cda,100,1,82,0,0.0,100.0
0xa574c53d63550e535c8b78f0e2a33bbe3c56ef2b,100,0,5,0,2.0,100.0
0x7225ac33941112883620212d651714c1e4aea0e0,100,0,4,0,0.0,100.0
0xc2351c961181ecd4e682857224e873ebbf956fde,100,0,30,0,0.0,100.0
0x06c53e7b9de5e016825fd04bf5e6538137174091,100,0,4,0,0.0,100.0
0x3ee505ba316879d246a8fd2b3d7ee63b51b44fab,100,0,18,0,0.5714285714285714,100.0
0x5424290830e5a379e90050b15673d6ca7a9c5430,100,0,5,0,0.0,100.0
0x1bffafe206cfab42b23dad63cf0b603a673deb64,100,0,4,0,0.0,100.0
0xcf23abf7047685fb020ea16ee4feea3a195edcff,100,0,13,0,1.5,100.0
0x24e8bb6a37774d8a0187e196beb29601ed5920bf,100,0,12,0,1.25,100.0
0x0e0ec712b3912b5601216455a158cf18152cb62a,100,1,191,0,0.6274509803921569,100.0
0xd7925984736824b4aecf8301c9aee211cd976494,100,0,20,0,0.625,100.0
0xb188ee1daca51ce6b58ccf8a81ce4025a714bc73,100,0,4,0,0.0,100.0
0x3a804a720a6c62b42867746afede4b107ecac072,100,0,8,0,0.0,100.0
0xdcfcbd0ee537882be942477c0955b97ff1903320,100,0,9,0,0.0,100.0
0x906b7192d8659994eb902feb994fd68d64f04fc6,100,0,3,0,0.0,100.0
0x0c8f904694c9017270e5915a399f96185b6dc47f,100,0,3,0,0.0,100.0
0x890a41bffc0213e479cf470dcdfebe413cce3389,100,0,4,0,0.0,100.0
0xf9f2abcc9df889794b60f0791a784f5a97d32920,100,0,5,0,0.0,100.0
0xc15792b8578fc26c10de7f88191ecff579151866,100,0,15,0,0.0,100.0
0x009b56330ae5ec5042b9ca46ddb3043cc0d006f3,100,0,20,0,2.5,100.0
0xd18a54f89603fe4301b29ef6a8ab11b9ba24f139,100,0,15,0,0.0,100.0
0xa2382d2c0f5c3eab3015827e6be407e53f5876a0,100,0,16,0,0.0,100.0
0x5b8c29115efc3a70b154960740ce7a6956f3a45a,100,0,11,0,0.0,100.0
0xae3c67b8aa12e458f2b4eafc0e9209710582c9d3,100,0,22,0,1.3333333333333333,100.0
0x42cf8223c8fb904c2566528db8f70e6baada2329,100,0,4,0,0.0,100.0
0xe80d953d0b4f2931549473e803c95f559b6ea58e,100,0,43,0,0.9166666666666666,100.0
0xfe1bcd4fae7d1f04a744aa51d2cf4efd5277762f,100,0,12,0,0.0,100.0
0x9e64b47bbdb9c1f7b599f11987b84c416c0c4110,100,0,18,0,0.0625,100.0
0xa5c3a513645a9a00cb561fed40438e9dfe0d6a69,100,1,80,0,0.6785714285714286,100.0
0xf1a54014d7a4e3c5179579b050a0a0a036a158b0,100,0,3,0,0.0,100.0
0xa8560117ccbe413074c420f3fa83f842b65e0999,100,0,15,0,0.0,100.0
0x57abba3830751b3f5023710c5fb6c64405270366,100,0,4,0,0.0,100.0
0x970991bdd61aed3c2cf91e9bf6944960561dbcf5,100,0,10,0,0.0,100.0
0xe8324c980791df99215b4e337d1dee5f5c0988a8,100,0,8,0,0.0,100.0
0x6a8ff90e596e037b2ded3881c19ab4fd1727a0c8,100,0,24,0,0.0,100.0
0x4defa30195094963cfac7285d8d6e6e523c7f90d,100,0,16,0,0.0,100.0
0x7284a8451d9a0e7dc62b3a71c0593ea2ec5c5638,100,0,20,0,0.42857142857142855,100.0
0x764a81d1dd7b0691b918f09746fc42ef59609a3f,100,0,3,0,0.0,100.0
0x33784dbf0433530d4badd39baef04f98d0c0de94,100,0,3,0,0.0,100.0
0x77feecc45fa31f2639d4c1cee0ccbf138387d79b,100,0,5,0,1.0,100.0
0x740ed6d02e273fe0f46c997f6d894b8e26ddf757,100,0,3,0,0.0,100.0
0xc25c0092307a5b8afd8a4bd01351a92579040951,100,0,7,0,0.0,100.0
0x1c27590d3cfc7115eb8b35b1ab26d6cbc98a3906,100,0,5,0,0.0,100.0
0xac79d6385ee06048665d619e63840d1168afa7e6,100,0,6,0,2.0,100.0
0x9389d9e95f8d409b1e6ca7085f0ada92e546ee5f,100,0,8,0,0.0,100.0
0xbe808ea4b07c96f770d221871331fd2ccbab4853,100,0,45,0,0.0,100.0
0x35e283f461a9ca2e3a5765e72815c8d1dcb66ad6,100,0,11,0,2.0,100.0
0x9640a35e5345cb0639c4dd0593567f9334ffeb8a,100,0,20,0,0.0,100.0
0xc9e7a40b20e2b10b3619109a74e9e6ef17c31299,100,0,12,0,0.0,100.0
0x7cf6f36854c21758868ff0af84310546499135f0,100,0,7,0,0.0,100.0
0xb9ed3a2b35396e960af7a812d330726678795d29,100,0,4,0,0.0,100.0
0x1f9a1d61fbba4170451726e1a332de94e5afef8c,100,0,24,0,0.0,100.0
0xf5e23e86ec9f6667b492a7b8196395278fc7b482,100,0,8,0,0.0,100.0
0xf73dc742b6ca210a153ea556ca79b6a7ebbeaaeb,100,0,9,0,0.0,100.0
0xb678853c57b94da8e6ffbf0e792e9c31788d84a2,100,0,27,0,0.5,100.0
0xbc8dafeaca658ae0857c80d8aa6de4d487577c63,100,0,4,0,0.0,100.0
0xbb1e599e15f2bf248732ef060cadffeb6363cc4c,100,0,9,0,0.0,100.0
0x0d5926184e886db1a736d88f0fb257be3f99ebd5,100,1,54,0,1.05,100.0
0x849f17c54d6dda08162ef328131048d95b9b2c71,100,0,8,0,1.0,100.0
0xe07e487d5a5e1098bbb4d259dac5ef83ae273f4e,100,0,22,0,0.5,100.0
0x1fcfd25b25ccead63665cf867f4f7cba3e75de64,100,0,30,0,0.0,100.0
0xd918fe4229e53ecbf53de43c2a5b5e3aa735c341,100,0,6,0,1.0,100.0
0xe20ee1d250c8d3e0bd140306121001bfdc7a1201,100,1,44,0,1.3333333333333333,100.0
0x2fa1859029a483defbb664bb6026d682f55e2fcd,100,0,11,0,0.0,100.0
0xd21e9a1471b65465166e99832ade5bd1e3a85c9e,100,0,6,0,0.0,100.0
0xc38fe630dd7b1de5a95a860871e75329d9c4e5a2,100,0,8,0,0.0,100.0
0x121667b6690f5040c672c3df912a5aaf8735ca23,100,1,104,0,1.4705882352941178,100.0
0xb825beb4ea6ea1285bb68f7cdafab6ba8bae6dc2,100,0,23,0,0.0,100.0
0x3fee16929e1d083dade5da1b66b070dc438cd7f4,100,0,4,0,0.0,100.0
0x1cf6437111a85cb37603650f278b80655a1c43e9,100,0,5,0,0.0,100.0
0x66215d23b8a247c80c2d1b7bef4befc2ab384bce,100,0,9,0,2.0,100.0
0x74c4623d7609f3eb2665ad32ff96b44856b6051b,100,0,17,0,0.0,100.0
0x1e60ae150f10a3a1881d17a9f749595030897ce9,100,0,20,0,0.2,100.0
0x285306442cd985cab2c30515cfdab106fca7bc44,100,0,31,0,1.0,100.0
0x84f10948e7e8c26dfaff67662d2168147c3d719c,100,0,19,0,0.0,100.0
0xcaba1a66f0049ab97256d75eeb48d540a7a1f8ff,100,0,15,0,0.5,100.0
0x1057bea69c9add11c6e3de296866aff98366cfe3,100,0,3,0,0.0,100.0
0x53c19cf633c65adb9748f884dbd84bd4eded3fba,100,0,12,0,0.0,100.0
0xd527c56dc2ac6a71f04242548039d07006e9103e,100,1,100,0,1.2,100.0
0x686d0b9d00ce38533f6fb009cab058757f37a904,100,0,3,0,0.0,100.0
0xabe65a54b5b5db177434ef4a84cf4b1512449e0c,100,0,14,0,0.0,100.0
0xc610ac3017b833337d2e68255855436d3e0ff114,100,0,4,0,0.0,100.0
0xa900f41187fffa3524ba8243cd1570bcb338f710,100,0,8,0,0.0,100.0
0xc6654898d96e97199a8d14e534fe92dd6b2674bd,100,0,3,0,0.0,100.0
0xd3d555bb655acba9452bfc6d7cea8cc7b3628c55,100,1,48,0,1.1111111111111112,100.0
0x697c62503e0e2767741f55ba8a7d62fd78718444,100,0,25,0,0.0,100.0
0xa8696af071914351810dd5abb03bc938cea2830f,100,0,12,0,0.0,100.0
0x7044a3e6bf3baf4f0d2f8884a2ee4e2d838f8902,100,0,28,0,0.47058823529411764,100.0
0xa7615cd307f323172331865181dc8b80a2834324,100,0,35,0,0.8888888888888888,100.0
0x9eb7fa865937d1e92a1c1d10ccb5240757e93227,100,0,7,0,0.0,100.0
0xca4a4e011bdeb6e5cbc229b882ee20ad3231096a,100,0,9,0,0.0,100.0
0xd6390178b2002a0758e8b3486fddc1c4bc23ebe1,100,1,191,0,0.8409090909090909,100.0
0x2ee0b86ae26a615ab18958a65553f5d6498cfe98,100,0,8,0,0.0,100.0
0xd0696dc76308ffbc3b56eb8cd6e598f01e270f41,100,0,4,0,0.0,100.0
0xd2925983502b2f849c96dbe449179e8b09d8c6a7,100,0,18,0,0.0,100.0
0x7345c51439d1c84949f56a6ad0ecdf3f3f1d2be2,100,0,11,0,0.0,100.0
0x1471e9d07ceb8f747a2d3467e92f76f441418a22,100,0,6,0,0.0,100.0
0x0baf7b79f9174c0840aa93a93a2c2a81044a09a2,100,0,14,0,0.0,100.0
0x9c59990ec0177d87ed7d60a56f584e6b06c639a2,100,0,4,0,0.0,100.0
0x1bdb1783505f626a55a5e3dd3e366df1cd69c055,100,0,4,0,0.0,100.0
0x312bb0fd25fea8fd6da8fab80c36152975833a55,100,0,10,0,0.0,100.0
0xea398010f27e03b33cb022d076a41978561e845d,100,0,17,0,1.5,100.0
0xd047b65f54f4aa8eae6bb9f3d9d5d126fe722b9f,100,0,8,0,0.0,100.0
0x7a75da34c346f244e54fa2f71b25560efb1f9b20,100,0,6,0,0.0,100.0
0xd998171b51dede5bb420228f8ca6e349daf0fd62,100,0,43,0,0.7142857142857143,100.0
0xe10fcdba98afebd0f2296a2c451034d4ca6d9079,100,0,5,0,1.0,100.0
0x28552ea8b232fc63d6ce69692d8a723efc5d4502,100,0,8,0,1.0,100.0
0xa4a0ec379f72fa5e1c7d7df29a40d74e4346f398,100,0,5,0,0.0,100.0
0x1a6db538813dbfa63e1f19f8804447187b7d401d,100,0,5,0,1.0,100.0
0x8f46901fc234cd942b88e6056ea58226207f4ca5,100,0,5,0,0.5,100.0
0x985c0748a95d30ba0585dbc33c4c366a56be8ed3,100,0,42,0,3.3333333333333335,100.0
0x55b5c9a8bb1011f3425838e46329edcb76702f47,100,0,3,0,0.0,100.0
0x4f28ce380aa718310700f673d96e8eeb8b679856,100,0,3,0,0.0,100.0
0x28d59e2e8d87b4b272a75b384f6f593a41b4df4a,100,0,5,0,0.0,100.0
0xa59073c0e036edbdb5dc4e88f42bd9b32d6e968b,100,0,31,0,0.2,100.0
0x56ff547bc979402a08218c94da0d3682f47f8511,100,0,5,0,0.0,100.0
0x16a9f22a182bffc81a19a100da0e762b017933f8,100,0,4,0,1.0,100.0
0x9a31ec2df5d42aa0537ff845b01512112d94a7a4,100,0,8,0,0.0,100.0
0xc7bde5d00c8e0255b6a262a16fd7d5533e436e0c,100,0,3,0,0.0,100.0
0x1960d38799b4ca8677c27f9f4587380913a3ce54,100,0,16,0,1.0,100.0
0x98f365b8215189f547e0f77d84af1a2cb0820c72,100,0,15,0,0.0,100.0
0x900a30257db838d82130980497bd403adaf5e441,100,0,3,0,0.0,100.0
0xf0b4fb521eee7561e746a2e01ef933c5a2225809,100,1,56,0,0.25,100.0
0xd62d06fa133098d07d156260028df6fd3253f539,100,0,3,0,0.0,100.0
0xad54d739ef647b3b29bb5043a16317bdc1ddc470,100,0,4,0,0.0,100.0
0xf2deee04cfa4119cb0c7a0f60960050a55a6c4b1,100,0,4,0,0.0,100.0
0x9c2dfd5acbcf22cb9a82eaaee95824faf5e1e035,100,0,18,0,0.0,100.0
0x93ff0ead0d16e72bc2943b094119710f77841e4f,100,0,5,0,0.0,100.0
0xc1852f917835a9f2f97112672bc5c8afd1f21dc3,100,1,113,0,0.8571428571428571,100.0
0x75a539db04dfcd914b7b2e985662e586c3da3ed4,100,0,11,0,0.0,100.0
0x23c1d8550966bf6a1fb04fce5dee74c8dd9eab33,100,0,15,0,0.0,100.0
0xb535ac19df533873c2c640df6cd644cfbf8b5d39,100,0,44,0,0.38461538461538464,100.0
0x30887fc55cbfad3487cb55bfe1779f6d2ba1c118,100,0,29,0,0.75,100.0
0xfcb6a30ef6f39edb1c3f8b5dcd5eade4efc2cb1e,100,0,8,0,0.0,100.0
0xc78ce4e51611ed720ec96bf584bf1b1658fd2379,100,0,8,0,0.0,100.0
0xeb97d37bb6cd268ddb25e67cfbb9b3f7468db46c,100,0,21,0,4.0,100.0
0x2c99d50eb4daa1d26b5ba0b1daab58cbfc0ac3e6,100,0,29,0,1.1666666666666667,100.0
0x16fcfef4ab01e3705e11b117528910af1f165d99,100,0,3,0,0.0,100.0
0x472dbf5a1b070f9efc2491cb3b98445e06599e21,100,0,29,0,0.42857142857142855,100.0
0x6c5d0d9eb1243903775ffdbc8f5d29b04ce3670d,100,0,14,0,0.0,100.0
0x23cc917f53ed08c028a9b60067d4de1d7db77f5a,100,0,13,0,0.0,100.0
0xfa6ce4657af871b5b758cb06a796f31e8f37e9e0,100,0,10,0,0.0,100.0
0x3660581fd4bce34ae6d9d29f619e9561564f20ea,100,0,10,0,2.0,100.0
0xa50c6ceff7d7977a530b7b66fcccbe5438405aa9,100,0,3,0,0.0,100.0
0xe864166688e95618920e32619753e23175f189ce,100,0,8,0,0.0,100.0
0x0d7c7bb9d42d6fe0008873e862fa03e646da0aef,100,0,7,0,0.0,100.0
0x6f00ce7253bfd3a5a1c307b5e13814bf3433c72f,100,0,7,0,0.0,100.0
0xbed4e3cd89918563a9ce4b04cf5379daf566bd53,100,1,191,0,1.2923076923076924,100.0
0x1a2d4efc833d4a32728b149b6fbaeb0b948d4bbe,100,0,16,0,0.0,100.0
0xedcd518221d67769f2a85acf801e6ba4918a55c7,100,0,28,0,0.0,100.0
0x42336826ae2d0cb9ddcdea88dfd023a6b48cd926,100,0,5,0,0.0,100.0
0x8376b14104dbf0642a3c2adfa33793cfcb0b8d76,100,0,12,0,0.5,100.0
0x352f4060285b2c5e66eed5e61b6fec06e16af058,100,0,4,0,0.0,100.0
0x419e0d48a5d64e90205d1c28edcb7fab04a0a88d,100,0,18,0,0.5,100.0
0xd2c930c757752c449c0e8f10633cc2e31fcc4ed5,100,0,17,0,0.0,100.0
0xa2cdabfa4141c59e1406516da6d937e35fcf42e7,100,0,3,0,0.0,100.0
0x5a92bc71ff2cee03202db6b625cb074d588344bb,100,0,17,0,1.0,100.0
0x3921452ee82a4b775cdb486d7567e365fbfb7134,100,0,5,0,0.0,100.0
0x11b6a5fe2906f3354145613db0d99ceb51f604c9,100,0,6,0,0.0,100.0
0xd60b996a7abc8cf357d4e367348c3388ffd2dbe5,100,0,3,0,0.0,100.0
0x16ad3f1c89ae9042f61e2437fb81736f5d3a60c4,100,0,12,0,1.5,100.0
0xce9114fa0e578fc3a8ff3cee9809fc713b2533ac,100,0,23,0,0.0,100.0
0x5d3a427b1e7794836ad54c297de172e90377bbc9,100,0,3,0,0.0,100.0
0xb1038ed65cc501c69cecd2ac04bc0e788c2b8a85,100,0,12,0,0.0,100.0
0x21edc17321fee0772bb5a9048f5ceb68769261d9,100,0,13,0,0.0,100.0
0xf1200ceff95cf6b8a85d8c2f4463d11f8007364a,100,0,3,0,0.0,100.0
0xaa8e2e0d59dc2acededb3be9dec442f7671ffeb9,100,0,6,0,0.0,100.0
0x0e1e3d1869116c657081c69b1610d731e5488006,100,0,6,0,1.0,100.0
0x140a824fe0c013aa969f681b5312ef5c3a39cdb4,100,0,4,0,0.0,100.0
0x2574f0e0edcb4d5992e8be9b79b08cde61b66830,100,0,4,0,0.0,100.0
0xc1e4f98ee6d02aefa7eb53404e9a7a8f41ba0132,100,0,5,0,0.0,100.0
0x4527c75dfc50a5390dc663f81b627c39e7b9acad,100,0,27,0,0.8571428571428571,100.0
0xa7f3dfed2bcf7b35a8824e11ae8f723650edfb58,100,1,69,0,1.5,100.0
0xf9ff6714f6555837a3833f083420396fd4ed4ea6,100,0,3,0,0.0,100.0
0x227033541b0b3b75ff258a47f5f8368fad866497,100,0,4,0,0.0,100.0
0x84443f61efc60d10da9f9a2398980cd5748394bb,100,1,93,0,1.206896551724138,100.0
0xf3ae4bb5691b9d45461cdcdd4becb0c9986a3237,100,0,13,0,1.0,100.0
0x127f6bfe9b238edec1bc3cc129c4c78cc5727871,100,0,6,0,0.0,100.0
0x70056d4450ddc31a61146fe91283aa3f645ec1e1,100,0,43,0,0.9,100.0
0x076c95c6cd2eb823acc6347fdf5b3dd9b83511e4,100,0,11,0,1.0,100.0
0x41f2c7d530bb3ba3d9ef993c1892d95fb5deea95,100,0,4,0,0.0,100.0
0xd53046601e88ea3d7ec29f723ee855ac1ae7ab60,100,0,7,0,0.0,100.0
0xf7ab7c10b2ae4b4d505b037c987f8a59ff69ba6f,100,0,5,0,0.0,100.0
0xe2805dbecba90353dfbc5032d642165bd71bb3ba,100,0,8,0,2.0,100.0
0x0e7644049d4db2aeaaea2938aa634179cad5954d,100,0,15,0,0.5555555555555556,100.0
0x0598df9ef51616e9c015a4f17918507259b22baf,100,0,33,0,1.3333333333333333,100.0
0x563f254c673c3647339fc2688e44f5ba82dfc799,100,0,4,0,1.0,100.0
0x0f3114c400031e22d0cd718674359ffbaf32986c,100,0,3,0,0.0,100.0
0x062799b5a2fc009f5d8b48360a05c497d8be8364,100,0,5,0,0.0,100.0
0x82caf43842862259e610889ea9b67b5392885075,100,0,5,0,0.0,100.0
0x7d2e10a52eb243e87e98648b89e09fc37b473779,100,0,4,0,0.0,100.0
0x66c7a7348250f453a37cf86410a946f9668de386,100,1,61,0,0.0,100.0
0x1ea456cb5f130d17179dc506df8cb0c754e9c902,100,0,3,0,0.0,100.0
0xe286e8e6e2e60cac9d077b3a42e2cd79c5faec4f,100,0,4,0,0.0,100.0
0x4e058516eebf1db6b50d0c4396c608de25a77545,100,0,8,0,0.0,100.0
0xfacc6271974a080bf4953fcdb8e20933b77b4e11,100,0,3,0,0.0,100.0
0xeba9d7523c1842907587c92dedccbeff49c9ad77,100,0,25,0,0.0,100.0
0x4fe094231437a8f5db8e856eece5e19cd346d689,100,0,15,0,1.0,100.0
0xce75dc60005f890c4ac7b3d3ce042e57ebb0a919,100,0,6,0,0.0,100.0
0x4f3a36c91c392781536348c03dfb8f6e265c277d,100,0,6,0,0.0,100.0
0xdf6a620baa44fd80bdbec3751fe0d5bdd6555d90,100,0,29,0,0.0,100.0
0x39add6b1d8b3e726641a18277adbad87d81f6acf,100,0,3,0,0.0,100.0
0x6168bb05ccb4aaded0169602bbb6e3cae12902c5,100,1,191,0,0.6236559139784946,100.0
0x90c3729672a0b7a9bb7553e76c477cf873e3bc33,100,1,61,0,0.8275862068965517,100.0
0xa5cd3bc3f3d34b3a716111643e19db88bfa649c7,100,0,15,0,0.0,100.0
0xaaf4d001080b511df8ad90090c435ac1affc5a1a,100,0,22,0,0.75,100.0
0x639cec09a3ad0dedc2951adb00c43a43160273c3,100,0,3,0,0.0,100.0
0x93f619e8f25df20b047ce579a3bb062e4754428b,100,0,7,0,0.0,100.0
0x01e8a979e7c5a1bb5c7af02a5f11263d0af4c19e,100,0,3,0,0.0,100.0
0xcd5f8fa45e0ca0937f86006b9ee8fe1eedee5fc4,100,1,134,0,0.5238095238095238,100.0
0x1a50a6238eb67285ccd4df17f75cce430baae2a4,100,0,3,0,0.0,100.0
0xec75e6ae612401d4188266eb731697339b9b0f36,100,0,23,0,1.2,100.0
0x564cbde1252fd0bdc145062f7ea2ac976704b5f3,100,0,5,0,2.0,100.0
0xe5d09257d0b83e0d2d09960c46985c153a63d15a,100,0,5,0,0.0,100.0
0x2142efcb2870affc21b4f2ebbe3976f446ce2b90,100,0,33,0,0.25,100.0
0x9ef190ae70ce60126d1899fe29645ade741eca58,100,0,14,0,0.0,100.0
0x63af8a41e879fc27b9c4fe0fa5d5f79a5f3f16c7,100,0,5,0,0.0,100.0
0x26b46c62a7ef0a545b8ce0f6f972da9394661bc9,100,0,5,0,1.0,100.0
0x718fdf375e1930ba386852e35f5bafc31df3ae66,100,0,3,0,0.0,100.0
0x2beb2ebc0a78c40c66e7cfd013f9616679671c46,100,0,3,0,0.0,100.0
0x194365fcd494c46c013acd7ef81494759c00123a,100,0,3,0,0.0,100.0
0x2fb4a0e0bd649d4532a05a8ca8f3562d6ab408cc,100,0,4,0,0.0,100.0
0xba454c396f7a14c2c531ea919e419ab15c288c0e,100,0,8,0,0.0,100.0
0xee37f338220479c8f652e3557f02513bdb11c160,100,1,191,0,0.7974683544303798,100.0
0x904505327ac551de0e33fa33d8c744f8ced5d171,100,1,53,0,0.0,100.0
0xc7eed10c0d3f9c24362b07296c48cf452006746e,100,0,4,0,0.0,100.0
0x075102800212aef1077cbb021f710397792e22ac,100,0,11,0,0.0,100.0
0x2a4e6c78f12333481a6d932ba526eb56bd64f008,100,0,21,0,1.0,100.0
0xa4e7918fb5f4a8c12f9513b193be1d764d5757dc,100,0,5,0,0.0,100.0
0x800c443d4fc0048d2f4a83d64cdec93a824be745,100,0,7,0,3.0,100.0
0xb4e71a0f74a09ddf76c47234d31111dacbe320d2,100,0,4,0,0.0,100.0
0xc3fdadbae46798cd8762185a09c5b672a7aa36bb,100,0,4,0,0.0,100.0
0x55857b9a18e15a298136b3118af86bc9503b3eb5,100,1,80,0,1.25,100.0
0x67d3ccbd1d81e7b1427b70d94454e0039271d237,100,0,21,0,0.0,100.0
0x8873b045d40a458e46e356a96279ae1820a898ba,100,0,3,0,0.0,100.0
0x3e3742b6b7c0add19eb155c72eacbb6bfc8958dc,100,1,58,0,0.0,100.0
0x3783f95b6cc030b1ccb735bdbabe38b4dcf1cf9a,100,0,4,0,0.0,100.0
0xffaccef20064fceae070107e8e4821a7fa981bb5,100,0,6,0,0.0,100.0
0x47b2efa18736c6c211505aefd321bec3ac3e8779,100,0,12,0,0.6,100.0
0x75d3fcbac90c72c32675cd80b109454100f3c9d3,100,0,9,0,0.0,100.0
0x29429b30a798cebeadb3616709660c4f87f245a3,100,0,4,0,0.0,100.0
0x0ac4cfbcc7dee4e7137f8af0b94ec725505fb227,100,0,11,0,0.0,100.0
0x9df7c98c933a0cb409606a3a24b1660a70283542,100,0,5,0,1.0,100.0
0xa66aa61a67ee8dbd4a0dccd6fa6e3b0aaad49bc0,100,0,5,0,0.0,100.0
0x50481e120c49588779bb110bb5a0d468661ca5a4,100,0,10,0,0.0,100.0
0xb4be361f092d9d5edfe8606fd53260eced3b776e,100,0,4,0,0.0,100.0
0x6be9fa484fa24fedb0369b6ccb343f9c3a621026,100,0,3,0,0.0,100.0
0x80bc01485281124fd3435d575a92f675dd134183,100,0,3,0,0.0,100.0
0xd91a88e9b8942e61eb8b678b5e78dece9a911445,100,0,4,0,0.0,100.0
0x92be89852867b06d8f77e110d95e7e5dad2f5359,100,0,22,0,1.0,100.0
0x3d1d660de74051409ad0abe7983277b2268456bb,100,0,5,0,0.0,100.0
0x8d6f28e5baa8aad23305b7b9e7ad2e67388667be,100,0,4,0,0.0,100.0
0x14c90b59f95b9405113dfedbae88fdd20c29ee36,100,0,12,0,0.0,100.0
0xb9a8deae8115c7d7b8aed2ce4610c54e023e964f,100,0,19,0,0.4,100.0
0xbd968afcb29e0d62f8e31903ac84761b44a0eadb,100,0,5,0,0.0,100.0
0xa6308eab4fc51b4d1c1213ef0628ada3c04ff47f,100,0,18,0,0.0,100.0
0x9a8f763bf3ef60b919d3f921f0e1b6e3ff8b30fd,100,0,3,0,0.0,100.0
0x94d12d7b33a8a745c35a1dac6c5c4a5d60a0259a,100,0,6,0,0.0,100.0
0xb54078fcda3bc8e94ab6acf12ee651b1413a8985,100,0,4,0,0.0,100.0
0xa82e4d575e09de36f09999c85c2d7237c957374a,100,0,8,0,0.0,100.0
0x8cb3d7be88f28d12d089f38e0dd5ab725a9f60a4,100,0,3,0,0.0,100.0
0xb28cf9fcfaa079ff21ceddbfc7b4b2fb9c7bd70f,100,1,50,0,1.75,100.0
0x91a29acc0d8c92b8f6ca4ab643079e4a81678c95,100,0,3,0,0.0,100.0
0xf11d95bd4c18e4a792cd3ffb581e2c30890724a3,100,0,46,0,0.6,100.0
0xb0e83c2d71a991017e0116d58c5765abc57384af,100,0,3,0,0.0,100.0
0xdfea085ef14c3f9c1e363ecacd8e5e6ef24a9e1d,100,0,5,0,0.0,100.0
0x19f9aa162f71014b6b5859dd9b50b448629aa7a2,100,0,6,0,0.0,100.0
0x57db5d6aa783cf29af41330569d24957140fd3eb,100,0,20,0,0.8,100.0
0x5d79fc3e6a91e249c1193d8326a912f949568646,100,0,4,0,0.0,100.0
0x009c07cc41a358176c97b525284d50f4960bc939,100,0,9,0,0.0,100.0
0xe7e3f293ff5be247e336f5cdb493c9ace1011a35,100,0,29,0,1.1111111111111112,100.0
0xa7f56a6dd807d40fd24f6e0f56f1bcab7dcccaf4,100,0,8,0,2.0,100.0
0x9b4e28020b94b28f9f09ede87f588e89c283cffd,100,1,124,0,3.933333333333333,100.0
0x2aefafa691982dd8431b03e584988b80c5c0b977,100,1,78,0,0.043478260869565216,100.0
0x737284cfc66fd5989f2ac866989d70ae134227cb,100,0,14,0,0.5,100.0
0xb528c573ddd7acaba1a1da77a4fd5a1ea4a32990,100,0,10,0,0.0,100.0
0x10aa95a9a64b4a72af7f26ea92c737d99d0d5da8,100,0,12,0,0.0,100.0
0x311bf6e6b6d416a808adf524b2fba791bf257e19,100,0,13,0,1.0,100.0
0xc424e90ace50df63efe178ed5f28cf3759cf51ea,100,0,16,0,0.0,100.0
0xf5fb8fa41f90df3ed2b3caeaaee64d5da26b68e2,100,0,24,0,1.0,100.0
0xff5269e8ae6a9f2ff2a93c770fd35f8ce71712f8,100,0,32,0,2.0,100.0
0xbeaca5032834a805bd822c3c109fa8f3513f5eaa,100,0,11,0,1.5,100.0
0x21bbfed76f3e3fe03d07f98771c3fe188698d0ef,100,0,13,0,0.0,100.0
0x930a7cd60a633128b7c5181307781e6d033ba51a,100,0,9,0,0.0,100.0
0xd1edec711d5ea0b4b064b678ff4a13b2c2a5ce8b,100,0,4,0,1.0,100.0
0x3cc228f907bc37cbfdc1e415d2129d68aa3c4864,100,0,17,0,1.0,100.0
0xb375e0c12bfa084d269dcbf412ea1d6b100aae5d,100,0,4,0,0.0,100.0
0x381758cbe8e8dc8376f0027a28e6e447208b4450,100,0,4,0,0.0,100.0
0x49a1eb39534f378722036d41d3ab5c92e86b55cf,100,0,12,0,0.5,100.0
0xb7128fb2180aa8d93c769ee7d261950c9acf002b,100,0,21,0,0.0,100.0
0xf583f4428382f0ee4d4669619d62c498e29d15b2,100,0,6,0,0.0,100.0
0x7cc89ad8b2e93ecfb42f49bf3ebbbed8c2531e14,100,0,4,0,0.0,100.0
0xc37027c11b6b416462aa7b589e6f7937ce220327,100,0,7,0,0.0,100.0
0x27970d7f5e4241fa3e79eefcfcd302c60b8ff0d5,100,0,4,0,0.0,100.0
0x50b49fec823a3d86050c91272bce7c8c0df4d71f,100,0,15,0,1.0,100.0
0x103de93bf9468164c48a46fdaa1a5a74899cdabe,100,0,8,0,0.0,100.0
0x2ea64c6de91ce1cf3d3761930ac775476cdec742,100,0,3,0,0.0,100.0
0xd05955436368c9659b7a1bdf8f0427ca8c193b11,100,0,14,0,0.4,100.0
0x983f14fb20991589de9bdc48d6990ddb8e41d918,100,0,13,0,0.0,100.0
0x531146f30be47bb171cb2039c25a4ae5d4fe164e,100,0,16,0,0.14285714285714285,100.0
0x45ce9d7bdadb704c68242118e2b8586e491e5c51,100,0,5,0,0.0,100.0
0xfd72fac7d08f9912e5d02091417304d5a0072e2b,100,0,26,0,0.0,100.0
0x4c77ca7ff8e548806fdc88e4dfa8ea1e493a450a,100,1,51,0,5.0,100.0
0x7bacf22f747f2f4b983081c0aa76dddfecd008ab,100,0,7,0,1.0,100.0
0xabeab690bd56d307f4bb3b59c2f209c353ee057d,100,0,13,0,0.0,100.0
0x92f2a83c63f299a3e5d5f16c56241d11cae4e868,100,0,5,0,0.0,100.0
0x9cfd5052dc827c11a6b3ab2bb5091773765ea2c8,100,0,12,0,0.0,100.0
0xd7b4f76be7e0212bf52020e2e86ad989b81d16e5,100,0,3,0,0.0,100.0
0x6976b21f3c91bd112aa41a6ef9be5212852db6f5,100,0,12,0,1.3333333333333333,100.0
0x2e83b16e2c24d3129ecc40cf43b8dc0f0c5ca8c3,100,0,4,0,0.0,100.0
0x15da10cf7189f93b5062ac531ae71818be873bf6,100,0,4,0,1.0,100.0
0x7c8dd864ded4030d42883b72dc7643bd7646f1ca,100,0,10,0,0.0,100.0
0x60fc976145dd135c6bbc7df9406a60e8c2123850,100,0,37,0,0.2631578947368421,100.0
0x90ea1efad9b6c2df0ad2e4f362048fe22bc126f2,100,0,4,0,0.0,100.0
0x8729d7526421c1b9269a88eb607c61a6c1ff4084,100,0,4,0,0.0,100.0
0xc6363b9eedebf3e744d0f4c6ebfe7bd127b6716c,100,0,13,0,0.0,100.0
0xcdc3d84c8f50d139168883c13892ea08d8270a3a,100,0,4,0,0.0,100.0
0x6655459bab7a5e99f2d61279316f6d0a465be784,100,0,40,0,0.3333333333333333,100.0
0x825d4f26ac2f18dbd1fdee85c710abd6aaf78b7d,100,0,29,0,1.0,100.0
0x38d88e9366bf9b1c79162803f081a993a7ff3dbb,100,0,15,0,0.0,100.0
0x0951ff0835302929d6c0162b3d2495a85e38ec3a,100,0,4,0,0.0,100.0
0xc1f9bb72216e5ecdc97e248f65e14df1fe46600a,100,0,3,0,0.0,100.0
0xc6af895832bf156c59c8c0b59fc31179d5f7019f,100,0,7,0,0.0,100.0
0xfa5756494fea34c83808ccb6626f6b7e66d46c4c,100,0,14,0,0.0,100.0
0x13dc08f5ddbcbfdf6ebc04c909c3052a2aa7a111,100,1,65,0,1.45,100.0
0xb435871b0959561226b4d903b1abf79528177e81,100,1,162,0,0.6666666666666666,100.0
0x12690cdba85ce9f5200110bdf391567e8635d759,100,0,18,0,0.0,100.0
0x5d94606fdceca06ba90d7118724bf36673951eee,100,0,6,0,0.0,100.0
0xefd0199657b444856e3259ed8e3c39ee43cf51dc,100,1,68,0,0.5238095238095238,100.0
0x06d57af6792edf066046aaf958d92ae5558e0e56,100,0,8,0,1.0,100.0
0xa7f3c74f0255796fd5d3ddcf88db769f7a6bf46a,100,0,4,0,0.0,100.0
0x95ad647b9e6174294573aa4b8a2681ec20d44594,100,0,10,0,0.0,100.0
0x8f9e6dd01128cc3c148902ebfa648bfcb68ad1ce,100,0,10,0,2.0,100.0
0x4098c501fcfe3370bd78d2f9c0798dccbcf993ea,100,0,4,0,1.0,100.0
0xc691635a9702d8a7a3a3b69a96623739be260965,100,0,12,0,0.0,100.0
0x877da30d93546e4585bfd616250c61b7e0e2a76d,100,0,5,0,0.0,100.0
0x0558b7a135ccfe3a59de45a239ae3a765d7ab1a2,100,0,7,0,0.0,100.0
0x45f1e5d98b7c338cd7cdcbcecc47ddef193674b1,100,0,4,0,0.0,100.0
0xef492b2d863b4e68330b4ed0b39708d3846b3420,100,0,11,0,0.0,100.0
0xdc5e2422ae2d45f7f7f5b4109624285bb9b358f8,100,0,4,0,0.0,100.0
0xfd1935fd3c8f49723deb7296c58ba4bb1a0e48e1,100,0,5,0,0.0,100.0
0x000be263b3ceb55d22ed9b40d7619f62c4862c80,100,1,58,0,0.6,100.0
0xdc19464589c1cfdd10aedcc1d09336622b282652,100,0,13,0,0.6666666666666666,100.0
0x3a7d5efb476f6bc463cb0b06a2ef39d76db564df,100,0,6,0,0.0,100.0
0xdede431dab9a59a99d6c6e7f998ebccc3cbaefd7,100,0,3,0,0.0,100.0
0x52feb9bf6f37bbd01309515feec062632f5ccb2b,100,0,29,0,0.8,100.0
0x06beb7fcedd18b26c9a2f51fe003c2d9ce352fd4,100,0,5,0,0.0,100.0
0xf189bda172ddc4b6250b8c2cfbc174af18d3ad29,100,0,30,0,0.0,100.0
0xebbcc9b60e2b819f2758c205c8cd986133d21005,100,0,17,0,2.0,100.0
0x96482d545d2f0513dac4f037e98685ca7a3d0afe,100,0,7,0,0.0,100.0
0xb45de55de3d88b1dc8d9895711c96a0d27c4bb6d,100,0,3,0,0.0,100.0
0x524802b34cb508be2062d02a6e1cf577c2e66fba,100,0,20,0,0.0,100.0
0x30377714d83f02be07189b321c94d554fcaeb3df,100,0,7,0,0.0,100.0
0xf2ba322c432be32ed6e63302670d22901bdb57e2,100,0,13,0,0.0,100.0
0x083674408a89ccbb0fc9653cf93a1de0b017a2e2,100,1,91,0,1.1111111111111112,100.0
0x002f9caf40a444f20813da783d152bdfaf42852f,100,0,16,0,0.0,100.0
0xa81149cb28e2f2fec9bd1ec70f0358683750de13,100,0,3,0,0.0,100.0
0x8e55ae759901aa0d0550b03d79cf1f2ff5eee5b4,100,0,3,0,0.0,100.0
0x9da521610b3eebeec6949168540526d15cfa2c64,100,0,7,0,0.0,100.0
0x9b520fa2e47e024aadb2bad83cf9a50ded982583,100,0,3,0,0.0,100.0
0xc28e23e7d7d6cc0c9c6f08146c71e7d168cae45a,100,0,10,0,1.0,100.0
0x119e26e8809efd0d2baf690c62bd847271f2e96e,100,0,8,0,0.0,100.0
0x6b790599ea89be7f68268eea87bbba9cab5cfb68,100,1,47,0,0.7142857142857143,100.0
0xe4b205c76b78cf72012d6040c33429dba9bbd19b,100,0,11,0,0.5,100.0
0x2b32c3ecaf47ed3ad459565c472182f56414c9b2,100,1,47,0,0.5,100.0
0x84ece745851c477d15cfda32c71f2bebdbfb6218,100,0,3,0,0.0,100.0
0x586b3f34e90668aee4ffbd94e7ba143552fa70e5,100,0,41,0,1.3333333333333333,100.0
0x6a983e653d6d7c81fbd29dd7cc638b6f36242d08,100,0,11,0,0.0,100.0
0x19ee7696d2a71548a7f1fc9cef644460d7e73297,100,0,14,0,0.0,100.0
0x88aaf4a728e14748cea5e9a3ca1306ac567ba472,100,0,4,0,0.0,100.0
0x61990ebee5faa2b7814a0ffac869bbeae748457f,100,0,6,0,0.0,100.0
0xab696f0470eebae1b17f556c3cc38f968fa9533f,100,0,16,0,0.125,100.0
0x52405eff99dd4c2015463dc511573344f2e2e8d7,100,1,55,0,0.6521739130434783,100.0
0xd82215782bfe8c5e2596216825bc9fb7bc48df68,100,0,5,0,0.0,100.0
0xb579d4f1546d51980499aa96a2e411be3e449197,100,0,4,0,1.0,100.0
0xb8fd9b300c2819546013dd45c238ab6fa1eadba0,100,0,7,0,0.0,100.0
0x9317e25590aaa62be015aff026702f3b960131a7,100,1,72,0,0.8571428571428571,100.0
0xa142ab9eab9264807a41f0e5cbdab877d204e233,100,0,3,0,0.0,100.0
0x5bf331e6e97343a1c6c0cdffeea7f0c2ce24f39f,100,0,4,0,0.0,100.0
0x02dbd1aa375c7d00ecf1de198158ffa332110d47,100,0,3,0,0.0,100.0
0xd2eeff73117c86c14f11a6052620848f8dd6e0c8,100,0,8,0,0.0,100.0
0x52e0b17cc061d1ff9bbf986ef2408a660a2d30ab,100,0,8,0,0.0,100.0
0x30781d7d755845fa50bfdb63ba7b9426a760f3b1,100,0,14,0,0.0,100.0
0x3b65216e13db79a863823f637c6c429e89d72c22,100,0,3,0,0.0,100.0
0x02ce3b6c086e88616783163fb095578c86fbd4a9,100,0,9,0,0.0,100.0
0x7ee38b6fe2c10aab32f785870061d263f50645ca,100,0,4,0,0.0,100.0
0x116549cd0715ce44f4c6bccb5b268ebc76e3969b,100,0,12,0,0.0,100.0
0x9e5bbca4fd2502336e6c04edec3a4a08b5071df5,100,0,10,0,0.0,100.0
0xa1872b9b494556777d2b3ac5e699cf7fb377bafc,100,0,45,0,1.8181818181818181,100.0
0x5a6d3b6bf795a3160dc7c139dee9f60ce0f00cae,100,0,3,0,0.0,100.0
0x364dd034d0cbd922289ebe2558b113b04e77f502,100,0,4,0,0.0,100.0
0x6ab615cf8decfc488186e54066fc10589c9293a3,100,0,5,0,1.0,100.0
0x3771eef3e76329ac4c17962a158a895545795c0d,100,0,6,0,0.0,100.0
0x40e652fe0ec7329dc80282a6db8f03253046efde,100,0,29,0,0.6428571428571429,100.0
0x163b5f343ac34f6ab7e5a7466da9af15b81fbd89,100,0,4,0,0.0,100.0
0xa918add8803e65e97410ec42ae359dfe6663a8a6,100,0,17,0,0.25,100.0
0x964ad9e178184fc3865976dc7d3cad8eb1b373e3,100,0,5,0,2.0,100.0
0xf22f00d0b95b1b728078066e5f4410f6b2be8fae,100,0,5,0,0.0,100.0
0x2d244257fa51d0d9a74fb36e71eec0d964931699,100,0,6,0,0.0,100.0
0x1e2bfd353d26e4ad48933c1b518a453d1440969f,100,0,5,0,0.0,100.0
0xf3ae3bbdeb2fb7f9c32fbb1f4fbdaf1150a1c5ce,100,0,4,0,0.0,100.0
0x6bb740b57627123ecb2debe195ea5b225b4f9ad8,100,0,14,0,0.0,100.0
0x2a06cd16265ddedfee2ac3b41f0aae2fbae241e3,100,0,5,0,0.0,100.0
0xfccb964c514c12794509ed62fa274f0e284cee82,100,0,5,0,0.0,100.0
0x786f9e6c7d47250b02835d08aee55b52f42220a5,100,0,6,0,0.0,100.0
0xa0dac30ab1def9f4daf42ea94509a51783c78c4f,100,0,5,0,0.0,100.0
0x73fa9df99faaa8d110c5afd917355eba0f993362,100,0,4,0,0.0,100.0
0x992c0738268431baa068aea38a65627f56b9f4b8,100,0,5,0,0.0,100.0
0x698dd19b014dbb1e113be3c83e56a9f3fc0f84b2,100,0,3,0,0.0,100.0
0x2848b9f2d4faebaa4838c41071684c70688b455d,100,1,86,0,0.23076923076923078,100.0
0x602b2d2278465ea5823898000140cef95f2b8d56,100,0,12,0,0.0,100.0
0x58a2f87490292bed41297fbdb50bbf716e80b016,100,0,6,0,0.0,100.0
0xa7b95d2a2d10028cc4450e453151181cbcac74fc,100,0,34,0,1.1111111111111112,100.0
0xe670c92e93f88761004f86b28c101cd8b9ca57a9,100,0,32,0,0.5,100.0
0x45ec2ca047fd21f8d92e9ad7d03b839a6657bc08,100,0,4,0,0.0,100.0
0xc9c50b55c3085606ff05c70ac8cbaf26240891ae,100,0,28,0,1.2857142857142858,100.0
0x9475a4c1bf5fc80ae079303f14b523da19619c16,100,0,3,0,0.0,100.0
0x389135c984febdbb310adaf23a690dc28c8fa62b,100,0,15,0,0.8333333333333334,100.0
0x71232ead3bec1ac03ecfe2556acd6c7d0bd349c7,100,0,7,0,0.0,100.0
0xca1a7fc6cab553ce65f7c33c6e3eba6de954efc6,100,0,9,0,0.0,100.0
0x909ae1fc12c1c64f7554dc27a1c7785efaba79b7,100,0,4,0,0.0,100.0
0xf0b22f7e45a223a106c35eda11bd055a70a234dd,100,0,11,0,0.0,100.0
0x6d1651ba28a5674a8aa1b5713de3415f15b5a2c1,100,0,3,0,0.0,100.0
0x7f8919fde017c5ff8408e4def990bc81f20d3ca4,100,0,5,0,0.0,100.0
0x43860346fcc6e32d26329ca4cb20ffae54c803d1,100,0,9,0,2.0,100.0
0x9f15e05fbfa195bd807f1f60ca6f9b8d7fddb75e,100,0,5,0,0.0,100.0
0xfb0018ad46c669b6a4c0e589c53db27daf7f7930,100,0,27,0,0.8333333333333334,100.0
0x003c52a71c887461087154eccced08cb1c5384a5,100,1,67,0,1.8823529411764706,100.0
0x57e95fef87149570fc1f4c8a1baaf57aa45a89c4,100,0,4,0,0.0,100.0
0x4a2fcc8afeb7034c650e0fbb0fe93cdf97220c1b,100,0,4,0,0.0,100.0
0x90fbdda569127131d130385fa6050ac6d4dc766b,100,0,3,0,0.0,100.0
0x736e108bcdd0c48771878caa148c1254689a941d,100,0,26,0,0.14285714285714285,100.0
0x9b87b0b29c7dcd6a655dda7e918ab1f6443a9365,100,0,6,0,0.0,100.0
0xbfc54c36fbd010d53975ef38e90462c1a7afdb60,100,0,46,0,0.7058823529411765,100.0
0x5029259f5f4125d6517c2082b8b942657af3b509,100,0,16,0,0.0,100.0
0x98723710a60bf3d2e32c281d8209935e8925e0d7,100,0,10,0,0.0,100.0
0xd4a45d8055ac000a4bbd7f3c6007d491d7f3c529,100,0,3,0,0.0,100.0
0x2b6a4f029de9f6a17c0413b393770cacf28f6c8c,100,0,23,0,0.0,100.0
0xb58f9800f74fea404b58f94ca3685d97e4fdfbed,100,0,11,0,0.3333333333333333,100.0
0x5eca9a84b31f7dcd83c68b015df498b0c4f65f6c,100,0,13,0,0.0,100.0
0xa9d43d5b22e5eb975df03f54a90e4d630f448f4b,100,0,9,0,0.0,100.0
0xdd3b9186da521abe707b48b8f805fb3cd5eee0ee,100,0,9,0,0.0,100.0
0x4a7bd2969415426e7a08527ba262b8e8ac387003,100,0,11,0,1.0,100.0
0x8e87cb675e0f1f5ba60e06446faa3cfe4816b9e5,100,0,3,0,0.0,100.0
0x97889c952368b5ae0def08eb845ec1ca212b6f2d,100,0,5,0,0.0,100.0
0xc2dc96ce8fa3eb81477925a20f238911e5f5ff71,100,0,16,0,3.3333333333333335,100.0
0x914ebffcbd9ad6a35286c1b269e6310e345e42dc,100,0,3,0,0.0,100.0
0xee3f8ef1d3cdd0cf80bf3ad103aac1c6e0647ced,100,0,5,0,0.0,100.0
0xdbf156853b040431a3e5d6d0802800b29e6ebf99,100,0,6,0,0.0,100.0
0x094646895a32af6226297280cb58b5401e9f7a04,100,0,4,0,0.0,100.0
0xff4527fe844a4dd3be2132dd64a61c40a7596b18,100,0,7,0,0.0,100.0
0x9e8e124a8099f08477ca8325255fd357d790ce2d,100,0,3,0,0.0,100.0
0x55d8a4abba8ce97a11825e530f03a95d792b7012,100,0,4,0,0.0,100.0
0x836fd05a18dc13aa8885a718278e6a316ecca1ff,100,0,9,0,1.0,100.0
0xec45c8fd6c9844be241fc2ef399f267a21210fd5,100,0,10,0,0.0,100.0
0x93d30a4051df1363a11050dd5259494a609ed97e,100,0,37,0,0.6666666666666666,100.0
0x1997169fc82abdc3f54e14e1e2cd75cba24db73c,100,0,8,0,0.0,100.0
0x4ae0dbd5c700c64faaf85678fc1fcdf6aba5c5dd,100,1,57,0,0.6428571428571429,100.0
0xaec0d9389d27359c4eda77a81eeb71b1e68c2ada,100,0,5,0,0.0,100.0
0xd63b87fa46652a28cb3ffcbc56f7721fc60943ad,100,0,6,0,0.0,100.0
0x58e92c4128a4c231e3af7daf205682e37689a759,100,0,7,0,0.0,100.0
0x3e7dd7df9c1ffd12b8ecd94a27472bdc4d87ab7e,100,0,4,0,1.0,100.0
0x0e4a51a9a0f3c0f38f9d3d8472985c4a5d020e6a,100,0,3,0,0.0,100.0
0xb1a428f7cf26db51efd8631ab1869d7cd4f42177,100,0,3,0,0.0,100.0
0x9b4c75ce8d7006620df39e8757ade75d6434a6fe,100,1,43,0,3.0,100.0
0xfe7bcb3676aabe9a6b39cb23f3a5fa41eed7ad1b,100,0,3,0,0.0,100.0
0xd87cfd8757db0aa5b3380bc8009881f64f76bd20,100,0,3,0,0.0,100.0
0x289795e6177d2170ba43ced4032a585d0677c6b5,100,0,9,0,0.0,100.0
0x0cbf84a124f7264e86724b83b77a9a606eadd6bd,100,0,10,0,0.0,100.0
0x87076d854af0c10d19c877d80c58f607f5f33d46,100,0,4,0,0.0,100.0
0xd75e524050b363611be0b3da4710dd5f50dd3021,100,0,4,0,0.0,100.0
0x3d534d4f6099b94846b905068bc1d420258065e8,100,0,3,0,0.0,100.0
0x839395e20bbb182fa440d08f850e6c7a8f6f0780,100,0,6,0,0.0,100.0
0x27c779c3f695dfbf1b755e0cf7d526bc47294d81,100,0,4,0,0.0,100.0
0x4e5ad6abfb732ea26920b8cb89da8fb33961dc44,100,0,6,0,1.0,100.0
0x9eacf519f5a1e072339463a61143602e696c751c,100,1,76,0,0.4482758620689655,100.0
0x03ed2992a1d07ab57ec01f0c8914e22b53e48d87,100,0,32,0,0.0,100.0
0xd84e11bee5d555ccd905817cb8cbbd5b6e6c4f0d,100,1,72,0,1.125,100.0
0x54f987c0a786031357427211046d9e7ef61f3891,100,0,23,0,1.0,100.0
0x3848ce8d9c1287fd0419334e5f98c0514fcc7221,100,0,18,0,0.0,100.0
0x48f149d5f467dca36ae5433d526a647314c4c882,100,0,5,0,0.0,100.0
0xdeec9fd8aa3cfd9de0a470ca353bf03ba3006d2b,100,0,15,0,0.0,100.0
0x4f5c0754c5f90e722d78964644bd29687b87c584,100,1,119,0,1.894736842105263,100.0
0x00809b9263aab2856bf65be3d3bc3fcb9e19c1fb,100,1,139,0,0.18421052631578946,100.0
0xf5d26d8bde798b381828c5a3b214abc60860b9da,100,0,3,0,0.0,100.0
0x57aeda024fdbc8e1ce19cb9a628ca39747e3661f,100,0,13,0,1.3333333333333333,100.0
0x36c5348c1cbee76c5e06181c3e7c7c675376eda5,100,0,3,0,0.0,100.0
0x33b1f5a94e64150921c2ab69279a6c24e3169ccb,100,0,6,0,0.0,100.0
0xa9d635cee2e9b3de7015f17e111153eea9f5fa87,100,0,3,0,0.0,100.0
0x5fa079673749104641b0e59388a87c84c2843fe6,100,0,5,0,0.0,100.0
0xcf50fb42926b255747fb8b0ea8e26d4e66952ca4,100,0,4,0,0.0,100.0
0x35440df5c2fab7f5dd7c101fdf94a039a00c6ab7,100,0,10,0,0.0,100.0
0x6cbf891ec109e6e9e1893dd33f145719540cd834,100,0,4,0,0.0,100.0
0xca85b45119cbea766b65370cb7a6061b9060e3b0,100,0,8,0,0.0,100.0
0xa6e78caa11ad160c6287a071949bb899a009dafa,100,0,4,0,0.0,100.0
0x445c55b9a5338c45eea6f4cc9c1840883729a878,100,1,77,0,0.5,100.0
0xbabe31056c0fe1b704d811b2405f6e9f5ae5e59d,100,1,191,0,0.6438356164383562,100.0
0x85697c00fb7bfdd5b31826f4e807459fb9941b19,100,0,15,0,0.0,100.0
0xd64813e230b945e501aa1969d21fb2072cb95930,100,0,7,0,0.0,100.0
0x03e3702d91098350d057ded0a05095f703bba2e7,100,1,76,0,1.4,100.0
0xbbcfa5ff29d6a0c3acc7eb2aa029bd264aa7bb27,100,0,3,0,0.0,100.0
0x96c7163acac46c6d14b41b5ce141e628ec4c1760,100,0,6,0,0.0,100.0
0xa97cbdd24bb3fe40fd425dfcb14131646980cf04,100,0,4,0,0.0,100.0
0xfde695f57f1800f6a6012038ba6263f436b3cf68,100,0,15,0,0.42857142857142855,100.0
0x586e32930ac05127de429bd566eaa2758fcbd9bc,100,1,191,0,0.6659949622166247,100.0
0x96c8e2a1eab72eea758b6694fb2217c4118bb803,100,1,180,0,1.6923076923076923,100.0
0x02ab88ddc83fd680395e020b281cd73d941c1df4,100,0,5,0,0.0,100.0
0x9064f45ddb3875b83ce86602330e493e6abda6f1,100,0,17,0,0.0,100.0
0x4394108a847703e28d7af2b7f76d557e6cb45254,100,0,4,0,0.0,100.0
0x029d68ff4b05fc4102d8caa77e28c585a32cdd16,100,1,47,0,2.5,100.0
0xf21908388875f9e6ff6efcde7962400897401090,100,0,4,0,0.0,100.0
0x54232d4fff02af44d0a5ff43e96cdc8d154a1659,100,0,22,0,0.0,100.0
0x064de67d26030c83297d3d1b3032d088be892e2b,100,0,7,0,0.0,100.0
0x4bdc8066d1ea3e65c7dd38ce2778723f3f52c55b,100,0,3,0,0.0,100.0
0x1390743368d3d548cea3e371f8da81da2ffde2c1,100,0,26,0,0.0,100.0
0xa6dffbc492e1dccae78bf4f6f6c13b1f96469e11,100,0,3,0,0.0,100.0
0x06faf1d63a900d62679f22af2ae8ef6c78eec9fd,100,0,4,0,0.0,100.0
0xd5a57e97c9532768a05f29f8c7c70bd990e01471,100,0,6,0,0.0,100.0
0x97656a1aaa3a82b201db2ae55080c97b9c40659f,100,0,3,0,0.0,100.0
0x1d8c813e905cbfd1b2adc0ef3029ce5959c4d67b,100,0,3,0,0.0,100.0
0x80e7e06f096380dd0d3f9cec4fdece370db4cdbd,100,0,7,0,0.0,100.0
0xcb4e01a69191814e9dbf6193e19cada6ffe0a3a2,100,0,5,0,0.0,100.0
0x53c601621a9bdf0b98adf8b1f7d41ae63bd46c07,100,0,5,0,0.0,100.0
0xc95be28595eb64485dac63ad14f15e41c94ee468,100,0,10,0,2.0,100.0
0x7c6a9ca96a045a8fdac350f89cbd98a0e40ba057,100,0,3,0,0.0,100.0
0x034a4081df0c5a039d05113a7d0b334083a7b084,100,1,50,0,0.9090909090909091,100.0
0x3979f8fd1176e266c0b8497ec74cbeab82949a7d,100,0,43,0,0.5454545454545454,100.0
0x0e532f71e574e0d2f421e381e4d1ae2c7097b7c8,100,0,39,0,1.0,100.0
0xcdebcf59ee33978320ca2ebcd433ace6144c63c4,100,0,14,0,1.25,100.0
0xa24009a666a0ca097353c392256220a1f5f68c13,100,0,4,0,0.0,100.0
0xc766ca67ed7216bf6f67e449f9789daddcc0e9ee,100,1,167,0,0.6956521739130435,100.0
0x53738166c362470e3d1c62811f99798434025d3d,100,0,6,0,0.0,100.0
0xad923feeeef3598217bd2d7d5d1181d8c386ca88,100,0,10,0,0.0,100.0
0xdd017da9adce6b65b33bfc6734c82fbe62c810f9,100,0,3,0,0.0,100.0
0x93667dcc21f791f71c4d8ec19ab5fcbbae06a389,100,0,14,0,0.5,100.0
0xfb1d445c27a860bb6330453bf08254198f3e0e31,100,0,3,0,0.0,100.0
0xfd30f11deb1c80d93533b6c7ab18a46b4f16d908,100,0,5,0,0.0,100.0
0xa87259f8e14364953d91f8541a7ba0b32e5e7008,100,0,17,0,0.6666666666666666,100.0
0x2c577602ce5b70341bde7d90d21437242a883427,100,0,5,0,0.0,100.0
0x45c84e29eaf1f15a89bea1e8146a53d68d409cc2,100,0,9,0,0.0,100.0
0x73555792708d34d5d2c3fce67134ea691ceb4d65,100,0,39,0,0.0,100.0
0x4c0c59f3e1e8727c60ed7bdddbb454ce4814458d,100,0,32,0,0.0,100.0
0x7aabd633cdffe1923dfc432ab7c02ea14daaac75,100,0,3,0,0.0,100.0
0xd3d4ce329824372655ba5303d609a73e56693164,100,0,4,0,0.0,100.0
0x8f8c3405dab9b221a5f2c70868124aa83d4ac40b,100,0,3,0,0.0,100.0
0xb141936c797fb48714c37f9168d8dedd47975191,100,0,13,0,1.5,100.0
0x8eeb3170eea4135b88ec6c058f101d41a29d0cd2,100,1,104,0,0.9787234042553191,100.0
0xb3d77ebc988eb7265f8b145accb27bcf2722ee0a,100,1,71,0,0.8636363636363636,100.0
0xc980b6cbd623a2e505a64f1b654f7a042fdf6bb5,100,0,8,0,0.0,100.0
0x9f7dd5ea934d188a599567ee104e97fa46cb4496,100,0,9,0,0.0,100.0
0x2f4cd1d19e7a03b84869fd485e2102cc2e302072,100,0,6,0,0.0,100.0
0x1a78e512008b2fac6cea2b8d8e54f1e304f3cd2d,100,0,8,0,0.0,100.0
0xb32b2fb57152a6091fba9fb4803e2df0097c55b4,100,1,53,0,0.48,100.0
0xa24f2e6dcbd2da9a220958401dab74b365bd34e1,100,1,191,0,2.8133333333333335,100.0
0x65d25e3f2696b73b850daa07dd1e267dcfa67f2d,100,0,11,0,0.0,100.0
0x311c38520151b0bc500d60eab5548c1cefec8fed,100,0,6,0,0.0,100.0
0xabf26352aadaaa1cabffb3a55e378bac6bf15791,100,0,7,0,0.0,100.0
0xf10d5716c7d6fcca6301fcafb9bddb7053854919,100,0,6,0,0.0,100.0
0x606420fc17e08ce7d85a5068cede5542c0e47128,100,1,42,0,0.9333333333333333,100.0
0xb0aa3ec179e57b80ef5bdaabcfebcc861741c528,100,0,3,0,0.0,100.0
0x61117012f9fb63cf0e7c688c76bfc874db3c6874,100,0,16,0,1.3333333333333333,100.0
0xba333f8ff556bf35d38e102a98daf1c5f6d9d708,100,0,14,0,3.0,100.0
0x59e3adae9267f874b175df394abc5fcd0fcf8175,100,0,23,0,0.0,100.0
0x8fecb44f0393b6936ec7b402c3c28cd85e783588,100,0,6,0,0.0,100.0
0xee4e262d30c9e69e4a9a82ab4910e8d94c081b56,100,0,10,0,0.0,100.0
0x65c1d220e067b9339e7d136c74e88365b57aeb53,100,0,5,0,0.0,100.0
0xeb7d93b7c0a1d21002f0b60e9add6174cb70f71c,100,0,3,0,0.0,100.0
0x40941f5619974c639fe13fe977fd92805fc10ec3,100,1,59,0,0.0,100.0
0x9885a84930e3c8c865a1d3debdc204f990bab7c3,100,0,4,0,0.0,100.0
0x6bc497332b40127d7202dc3bd9a9ec9b42a0108e,100,0,5,0,0.0,100.0
0xa64268fbafb42c80f976b78f1a8e9b5c88fe1c96,100,0,5,0,0.0,100.0
0x8389233333515783dd3fd382ee7511f0f4951be1,100,0,9,0,0.0,100.0
0x95cfaddac52b76da6e858dd0896a46fcdf79e486,100,0,24,0,0.0,100.0
0x0e194541c0edaa8f4305bc1f313eaa1d30dba966,100,0,6,0,1.5,100.0
0xe2850aeceac7e8d955813100098606bfd1a01fdb,100,0,33,0,2.0,100.0
0x6996c784cda7a2841c3a6f579c896477586a1d9a,100,1,123,0,0.4,100.0
0x340740832809a116593b148feffb463825b14248,100,0,3,0,0.0,100.0
0xfadf6dbc1e85a25266d395f8063ce4f7c57f8534,100,0,4,0,0.0,100.0
0x180b95b97ea51fc96dcc9950002f45832af7b7b6,100,0,3,0,0.0,100.0
0x10a4509fb431cf08f52b4eebd62569048606304e,100,0,10,0,0.0,100.0
0x879752965c099e91d1fac7ddd2f3d27c0e441397,100,0,3,0,0.0,100.0
0x98ba97483c3bc8d5f1ee4e961a55fe372c19f08a,100,0,8,0,3.0,100.0
0xd08cabe704034c50ecfddb73db12d6bc6a453f05,100,0,3,0,0.0,100.0
0xb97d56feebcd2d8ef7c17d2123164fa3bddd97e7,100,0,12,0,0.0,100.0
0x797f63620e62dbc83a5bc88c6a43494ded428cbe,100,0,24,0,0.8888888888888888,100.0
0xc96265c36f6d77747f9c259946a1ef55fce946b7,100,0,7,0,0.0,100.0
0x3b38df411221126688b7ca4cd3b5c08144e558e5,100,0,8,0,2.0,100.0
0x159038f1e0183b3ef4eb197016214f6486189338,100,0,12,0,0.0,100.0
0x018f2071db8b2ccdfa713984b01a6c3b7d758024,100,0,3,0,0.0,100.0
0xf84cc6a984a64468dfd9da25ec44b40c0eb7678c,100,0,25,0,0.0,100.0
0x8acdaed8cdb1d9e4c298cbda2352c4404d49db4f,100,0,3,0,0.0,100.0
0xc06c22a00b722fe5822e89720fe1c1e1c87aae22,100,0,3,0,0.0,100.0
0xcf0368aafe3f9e9d89a5b194b493f13d1d61f96c,100,0,5,0,0.0,100.0
0x0a80c3c540eef99811f4579fa7b1a0617294e06f,100,0,23,0,0.6666666666666666,100.0
0x381a17eb78501498fa183c81648b4165826e1af7,100,0,21,0,1.0,100.0
0xae8f0d02e1d9ac5fa999930027e03d299b5d987b,100,0,3,0,0.0,100.0
0x2121d752b56227fe28ba8109abeaadd3df07e90b,100,0,17,0,0.0,100.0
0x01a35017c1475e9c4daa88771ee5bc9ee427c28f,100,0,4,0,0.0,100.0
0x7a6ab4fe07d4b65a3a3b4a28cbde57ebaed9cd81,100,0,20,0,1.0,100.0
0xd95a49409529b1ee533c9a1166c9c669f21722e6,100,0,7,0,0.0,100.0
0xf6fdee29e3a14610fdbe187e2d3442543cfa45b8,100,0,19,0,0.0,100.0
0xc4126a64c546677146ffb3f3d5a6f6d5a2f94df1,100,0,8,0,1.0,100.0
0x1aa6aaa927a757b0812df9f8232f2adfc66a4b54,100,0,3,0,0.0,100.0
0x6cbbd5d5e3f71280a568823adee4b18cc1be5e32,100,0,30,0,1.3333333333333333,100.0
0x6ba76dfbbb5e3084b56533717eb1a3c8cd5a6f4e,100,0,3,0,0.0,100.0
0xdb7f40e21ecce1709cbc947edf80e1f28138e288,100,0,4,0,0.0,100.0
0x1d3af9f6018c518bcf6641658eb8374501b93709,100,0,5,0,0.0,100.0
0x034b9c0f16f18bd15c97ebd886972c5cc1513e7d,100,0,15,0,0.0,100.0
0xe74fe046d6c033a1b2f2dbf253f85449425a4f55,100,0,4,0,0.0,100.0
0x285d23ea20ab8138e63889669b091704a1787278,100,0,21,0,1.1428571428571428,100.0
0x0049fab7f5dd1f26f057bd5d972ffc6ba3c349dd,100,0,8,0,0.0,100.0
0xf7bb0895051972421bdb5e81141a049cfd8e3ad6,100,0,3,0,0.0,100.0
0x3dc48cff6a78990222fbae7bae0ad6d99d41d5ab,100,0,5,0,0.0,100.0
0x94fa8efdd58e1721ad8bf5d4001060e0e1c4d58e,100,0,6,0,0.0,100.0
0x1c7429f62595097315289cebac1fdbda587ad512,100,0,4,0,0.0,100.0
0xa401742a25aedef3e807a0fca064621c0574cb9f,100,0,4,0,0.0,100.0
0xf86b6d7c82597de4441c4d3df218824672990fc9,100,0,4,0,0.0,100.0
0x3b62a412a606f0357198d4f362b511416a948d5d,100,0,3,0,0.0,100.0
0x512fce9b07ce64590849115ee6b32fd40ec0f5f3,100,1,108,0,0.9,100.0
0x9eb24c1ea221216158b7908179c13192fee89b4a,100,0,10,0,0.2,100.0
0xecbb20ab0d7bd333c8d40ecfbf82caf1bfa58ccc,100,0,5,0,0.0,100.0
0x14ffae1d2804eaf261586a6378218eb5e7235066,100,0,29,0,0.0,100.0
0xd372d109ba3f475a75ef27a0ad00044f33d09a4e,100,0,6,0,0.0,100.0
0x314f5c4756636c0ed347765ae3c1b235ea975e3d,100,0,18,0,0.0,100.0
0x48e5013861b25c114e369c3e12dc948008352aea,100,0,7,0,0.0,100.0
0x6d2af065ccb60c0f7e8ec5907c961c42a3447127,100,0,11,0,2.0,100.0
0x54543587cd0412d6ea0e852eb62177bc9306a6db,100,0,12,0,0.0,100.0
0x924d0812ccfa3811ec185f54803cc2a87e59608d,100,0,6,0,0.0,100.0
0xbf7faf866f2a4a003216fa224fe75bd2737d86ff,100,0,24,0,0.75,100.0
0x58dee59cb30b564ed9ccaa85c9fcaf053fdd6dcf,100,0,12,0,0.0,100.0
0xbbec95fce30d33d1972d412108a053030e31b654,100,0,6,0,0.0,100.0
0x2800baabf31d8e53e0f621ff08b94a9f91d9f1c0,100,0,10,0,0.0,100.0
0xd0b5795bf8a5f34772d77572a7167199b658dde1,100,0,8,0,0.0,100.0
0x64b51b755330e8c3bca0563670c751c3902eee0d,100,0,6,0,0.0,100.0
0x6f1cffcb8a199602b26965fabe278ef178774942,100,0,3,0,0.0,100.0
0x4af3aecb542a0944bd138636df2f808a14fcc3fe,100,0,3,0,0.0,100.0
0xea086aae72f0338f36d9fd1f298bd39645cd8229,100,0,5,0,0.0,100.0
0x84ce53ce5074fa1183a92ffc692c93ffe2e24c7a,100,0,4,0,0.0,100.0
0xa43ce8cc89eff3aa5593c742fc56a30ef2427cb0,100,0,3,0,0.0,100.0
0x50f3decb7eb2dc7a8899020225fb4f8fb4a74647,100,0,7,0,0.0,100.0
0xc66adf81f5002a9f7d8f0e3ec2a523e4a628406b,100,0,7,0,0.0,100.0
0xe826cf83f03732ea35eaf4cd9627d57529feca4b,100,1,50,0,1.6,100.0
0xd8982cf39b93ca723ebbca49efd04d4777a9686b,100,0,12,0,1.0,100.0
0xebd20448db60014a2839ec4c55aff42e4f2fa2cb,100,0,4,0,0.0,100.0
0x2dea05a9dc86df71c69c891a959aa79fdc8ec8ad,100,0,6,0,0.0,100.0
0x2e2e054353a54f98ae44be6b4a6883a597202e1f,100,0,5,0,0.0,100.0
0x23edec4b8b36f4b3b00a1f1a2b42f69bcbcb58fa,100,0,6,0,0.0,100.0
0x8da2d05400ee2e3d2053fa65a7629e3812312bb6,100,0,8,0,0.0,100.0
0xcec3d6bf7d3ad48df49a169afe594ae762223d46,100,0,5,0,0.0,100.0
0x38f3436207648f0b2b998bbc9d6dd203ef9b78a3,100,0,7,0,0.0,100.0
0x9b6a90997514d05ae15b06262d9d60240c67b7ad,100,0,5,0,0.0,100.0
0x212ed0fadf06aa480d09fc1737b2912213ef6ab4,100,1,50,0,0.14285714285714285,100.0
0xaaa62dfeb5f428c4c7b03743ebc7ac1e7bc4bc8e,100,0,3,0,0.0,100.0
0xeae9132891b3e8da72ad8971f83744cd345e5ba0,100,0,3,0,0.0,100.0
0x96d747350d3d3f26a06e1e2f523f74ce910f4a55,100,0,5,0,0.0,100.0
0xec6e6c0841a2ba474e92bf42baf76bfe80e8657c,100,0,12,0,0.0,100.0
0xa7c9b1962d47ecd2df6f6819af9bae3655728d62,100,0,12,0,0.5,100.0
0xfff95dea424c0d7a25471982610a2485f302fb54,100,0,3,0,0.0,100.0
0xcb71eb21f53a2f4de0f26dc90518df10be13d1ec,100,1,42,0,0.8095238095238095,100.0
0x60dc0b25f6aa160ec8748a52f6c360c213454bd1,100,1,132,0,0.0,100.0
0x61157ba1634c09805a5e320577c553f13af4f3e9,100,0,3,0,0.0,100.0
0x012155a33e8e6b9b5e24602ae69b4fb673eba698,100,0,5,0,0.0,100.0
0xe40afc776c18d8925199dcce78d0b06c9222b896,100,1,191,0,0.31343283582089554,100.0
0xad1cbe6fcab49120273df0c308f6c1b094fbfb57,100,0,4,0,0.0,100.0
0x3f70d4927adfad26eb7b1574eea7939d347d902b,100,0,16,0,2.0,100.0
0xcfa69328a74c0eac388b889c21eb3ddd9d41a025,100,0,12,0,0.0,100.0
0xc5c04a665048403b7d7f4f5f1b165cf64385d9c7,100,1,41,0,0.8666666666666667,100.0
0xb361b6d281c5d1d398165e0a8c5a7121f6271f27,100,0,9,0,0.0,100.0
0x9709a9f77d4349e1da4220f1458fbe9339d612e3,100,1,191,0,0.8341463414634146,100.0
0x4c0713d9eb4efd10ccf4d459630f4652723c9f30,100,0,3,0,0.0,100.0
0x11299e3ea77832418ed0fb81f77a4d8eb92083f0,100,0,6,0,0.0,100.0
0x1e85027191716fa61d97483f26637ba8e4359929,100,0,3,0,0.0,100.0
0x8c0b27cc305590b1ef0d90a6b41c51dce6e2c5fc,100,0,4,0,0.0,100.0
0xcb235d0dc69e8d085b4179c77e7981d1b9d90aca,100,0,3,0,0.0,100.0
0x3da55f052f1db425c93a944937faeb361cf6d35d,100,0,4,0,0.0,100.0
0xecbc2901efd668a049ec86e847c3a70552d128a7,100,0,26,0,0.5,100.0
0x85cdbf9345cec498a386026f66ce7b40cbbef52a,100,0,14,0,0.0,100.0
0x2b50d53c2d10954aea741ae61001c3fb77717e5e,100,0,8,0,0.0,100.0
0x9eff806ba579ee2bd51bd35b63cd19f6bd6dd0bd,100,0,5,0,0.0,100.0
0x5212f225f58b8cd4c1cf2a10dcf047449dcb5d86,100,1,170,0,1.0,100.0
0xcfd378f0c9235c671cbdaf97c10778da6f8298ce,100,0,11,0,0.0,100.0
0xe264d4f4169ec460c86019b94e390d3957135b6b,100,0,27,0,2.0,100.0
0xaedc687fa5376d2fe9d4b81ebfc8c2ba30ba54ae,100,0,8,0,0.0,100.0
0x861fe1a83bd48600bc376b101f4a6d92b5801a73,100,0,3,0,0.0,100.0
0xd03ff5274e6ff0b43cee31cafe1c40324fe5d33c,100,0,21,0,1.0,100.0
0x0e70fd4ea2a0063396fed52a999d64f661774be2,100,0,6,0,0.0,100.0
0xd1929ff028686a33cc436b2a82d71446bbeea1a1,100,0,3,0,0.0,100.0
0x67fcf01a7e05698805807cbb0100caa2f3b59e02,100,0,4,0,0.0,100.0
0x16f0a28f9a7874207dde61895bfeac49a34915be,100,0,7,0,0.0,100.0
0x0c3f70c14b8bb96d6b74af35c6ab7f85f77a23ba,100,0,5,0,0.0,100.0
0x3f4b0089eec7d3e9cc51c9333db927b0f5416e30,100,0,11,0,0.0,100.0
0xf9e6eeb0f65fc7769f0dd7c1320a6b90d4fe4a4b,100,0,3,0,0.0,100.0
0x81c9312860bcf9eddef41d6839ccded0c7961759,100,0,7,0,0.0,100.0
0xabdb1f94bff885bd8933ac4f8aaacda4326491de,100,0,7,0,0.0,100.0
0xedd6d7ba0ff9f4bc501a12529cb736ca76a4fe7e,100,0,15,0,0.0,100.0
0x80d6ed65c0d84656e057fb7e664d619082575bac,100,0,3,0,0.0,100.0
0x1f8a9aa97618c77fad4be22fba26d4ea0507119c,100,0,4,0,0.0,100.0
0xcce25be0e833dc0ffcefa12bf1867a972e15bc2b,100,0,11,0,0.0,100.0
0x12899167ebac6cfd96b61b18eaa5f91f9d859886,100,0,6,0,0.0,100.0
0x4685bb0077179b45095a3c2a175acd9b3cd59d1c,100,0,10,0,0.0,100.0
0xe8bf424e047372d249d0826c5567655ba3b72f18,100,1,56,0,0.7391304347826086,100.0
0xf46ad3ca0aacf10114c76e0b1c077a154e5522bc,100,0,19,0,0.0,100.0
0xaac807f60bb3327b7d433f219b55c2052e556d44,100,0,3,0,0.0,100.0
0xc023d24aadf84c20dfb554e90669797b48ac8620,100,0,19,0,0.0,100.0
0xff16d64179a02d6a56a1183a28f1d6293646e2dd,100,0,8,0,0.0,100.0
0x7ed40353909c23fb61bc2bb29096ea1bbe53f966,100,0,24,0,0.25,100.0
0xb24b54fe5a3adcb4cb3b27d31b6c7f7e9f6a73a7,100,0,19,0,0.0,100.0
0x1048a82ebb42299b45c496beb47868a987207601,100,0,18,0,0.0,100.0
0x91b57d4077fb560bddbb4cbe81546b10005b587d,100,0,7,0,0.0,100.0
0xbf58a83827887a0e4c98cd641aef095ab735ecd1,100,0,3,0,0.0,100.0
0x8b59ae6ec3ef31c796600373a0add1d91bd1c00e,100,0,4,0,0.0,100.0
0x00778a211057c47a9f8885750bbf48226771bcdc,100,0,40,0,1.0,100.0
0x858ea8798f5cdb83b08e238a40374bb0e1a54978,100,0,7,0,1.0,100.0
0xdfb00d9a518d82c9141506bbc6fb1fe5e727f55c,100,1,191,0,0.3404255319148936,100.0
0x70564145fa8e8a15348ef0190e6b7c07a2120462,100,0,8,0,0.0,100.0
0x78a083d3ffc762515dc0e168c33f186dca76e45e,100,0,15,0,0.0,100.0
0xeb1033916a795e424cbe46868d6c08bfb8a2d2f8,100,0,9,0,0.0,100.0
0x8f242eea01d82852cc9db9c64db449f232786011,100,0,4,0,0.0,100.0
0x7af22e2a139772b964dbcd5c549c00e5b2c04f67,100,0,5,0,0.0,100.0
0xc2f82a1f287b5b5aebff7c19e83e0a16cf3bd041,100,0,16,0,0.0,100.0
0xc64de5e0f97c21606e1f31426eb5c98ab729c08e,100,1,41,0,1.7142857142857142,100.0
0xac9ba72fb61aa7c31a95df0a8b6eba6f41ef875e,100,0,9,0,0.0,100.0
0xf977c8ae925a7e8e4013d40cc8355611f370226f,100,0,10,0,0.0,100.0
0xe8130f62f1212ac1dd1274474e6eb3d3bfb59745,100,0,5,0,0.0,100.0
0xbc927cf46a2c9de51fe3f950508ac655fe2256d5,100,0,9,0,0.0,100.0
0x00000a6bbb35ea3f6f8dbc94801738f490c30a8d,100,0,4,0,0.0,100.0
0xef764bac8a438e7e498c2e5fccf0f174c3e3f8db,100,1,63,0,1.1538461538461537,100.0
0xf6b92a7fbfd0c93ee5bfec23241b5f0a233e3209,100,0,13,0,0.25,100.0
0x516b1b996f22cdfef20f6b54f7b027df95c438e7,100,0,3,0,0.0,100.0
0x206e3058eb8ddae476ca1e3936259209dc01c2db,100,0,36,0,0.0,100.0
0xfa3f9f5b7765becfa6fe6e440a17ab4f2eb7e40a,100,0,7,0,0.0,100.0
0x6f43578a5bc4c6c893bad3c1598b69d1fdfdc692,100,0,6,0,0.3333333333333333,100.0
0x8197ebca4f7a0918156f188f53c3a47381bbdb73,100,0,9,0,0.0,100.0
0xfed25267df17bfab23a1f8a26802674769d28c7b,100,0,8,0,0.0,100.0
0x9d5f9c924833a5284f29576d07a42942276a26e4,100,0,9,0,0.0,100.0
0xa5d32c621b11696a24efbfbbb6ef550ffcb29b28,100,0,15,0,0.0,100.0
0xa1349cde05c534e747dca402eab1c901121890d0,100,0,3,0,0.0,100.0
0xd5c01b2f8ab1e00b84fae74a354f57448f68d882,100,0,6,0,2.0,100.0
0x40d83d66673ec330c3cdb45b6ac9eb884d262a71,100,0,30,0,1.1666666666666667,100.0
0x33aa70a8aaa1222e23a7bece73f84c6d74182c58,100,0,3,0,0.0,100.0
0xd00ae74b8a2a0b3c17636cdcf4c4e72149f2ee20,100,1,70,0,0.5,100.0
0x931292c42a5f600e80d75b7c7743f0164240882c,100,0,6,0,0.0,100.0
0xe4e9bb2c6aabcae687352ba00214771dcd538a35,100,0,7,0,0.0,100.0
0xc8bef1a50119389ae31d2e426f7c71bf8cc10def,100,1,65,0,0.6818181818181818,100.0
0x6401ad302f83106cfb9fe92ef8e1c53ddb5bb816,100,0,3,0,0.0,100.0
0x1955c2b76b1cf245795950e75eb176080879da50,100,0,20,0,0.75,100.0
0xee848a515b6da28e21d26021898ae0e14b256db1,100,0,7,0,0.0,100.0
0xbf63f97613f796e1de3446e64b529c79e5cc40b2,100,0,9,0,0.0,100.0
0x77e8c5f5539473d8aedee2a2c9c3ddad33ebb257,100,0,5,0,0.0,100.0
0xd8a62ad8a7efa8a3267932d2e478c026566fbe34,100,0,9,0,1.0,100.0
0xa62ba163e57219fa1e67ec21cc101b5e5167d111,100,0,7,0,0.0,100.0
0x9d23f8199acee2903035dd16c3f349af6dd40cf3,100,0,7,0,0.0,100.0
0xfa180789020c83cd37bd3438009c688ed3efbb9b,100,0,3,0,0.0,100.0
0xd9b99266c42d427bb3a64f30a0242bbeb41f6830,100,1,68,0,0.9393939393939394,100.0
0x80e7f0ac7cd653065a17c53ef3064332b4c20d4c,100,0,4,0,1.0,100.0
0x16fc74baa2364a5f0d2ab4a1573902ac58ba6c8e,100,0,3,0,0.0,100.0
0xbf937ab53c4a0c9be6c7fc74c8538434acaeaecf,100,0,3,0,0.0,100.0
0xcd47c8194c0ea6b938327cb82b4f5b9aa0941c61,100,1,67,0,1.0,100.0
0xb326f62afa5cc4fce10ac486d4991ca0ea90b6d0,100,0,10,0,0.0,100.0
0x439b388faa6e3aee0989dedca8df054f29f01553,100,0,10,0,0.0,100.0
0x38885d2397cae1083c52da70e91dfbf9d1963ca3,100,0,5,0,0.0,100.0
0x11e658214247565568d6a0c0fd8e54c58f0b27d0,100,0,10,0,0.0,100.0
0x877e8ab289f1b3eec7220a8a7edcfe1d87779813,100,0,13,0,0.0,100.0
0x0073c423a0b5d88b330d481301025db1ab65d891,100,0,4,0,0.0,100.0
0xe41a7de079fe7ce7a35e44ddbd80060704f8bcdc,100,0,8,0,0.0,100.0
0xa8f32cceb477d30a5e6603b498f01c6170175f1f,100,0,5,0,0.0,100.0
0xa81d9946244f67a1a0fc8812439bd5efcc777c0a,100,0,4,0,0.0,100.0
0x9a0e037bf87fa679ff89dedbd4283692ebbe57f2,100,0,4,0,0.0,100.0
0x202f0241efd14ec8d82f1165f217ab6cc29fad23,100,0,16,0,0.0,100.0
0xe9fa0a8ded2afff8f867dfe820e52bc79cac0c79,100,0,6,0,1.0,100.0
0xe7d0ae1823582e5e6c3a0f9bb0526d380b16edf4,100,0,8,0,0.0,100.0
0xc39fa89b072e923b73d19537044d72e502990031,100,0,5,0,0.0,100.0
0x275c69284ce670e88b5539355d94bd0601981d1d,100,0,6,0,0.0,100.0
0x8c1b091ab7dc0c08117b8be040d57d78fac8237d,100,0,49,0,2.0,100.0
0x9080860073ad25e31ee3bde8114ac5e7ec678138,100,0,8,0,0.0,100.0
0xa0058b3a974ee3be6aaa8badac1947fe72bb1db9,100,0,5,0,0.0,100.0
0xe5c10b9988ce6f1e56cc3a142f2364edfa890ce5,100,0,24,0,0.21428571428571427,100.0
0xe565f48cee90c775d1a0c0fa6dbacfe22c406801,100,0,10,0,1.0,100.0
0xa660123e8bdce9511d2071596a34c8eb585b25ff,100,0,3,0,0.0,100.0
0x0b9b7a99308064bf1238dff693237429844fa623,100,0,21,0,1.0,100.0
0xcc79da4558487033f9ad7db928377fa747e93309,100,0,7,0,1.0,100.0
0x9d4da31a6f741c53a8f098bce221ecdd4a9cf6be,100,1,191,0,0.0,100.0
0x8878d85f8e7e73645b92e004f4e557488ab32725,100,0,10,0,0.0,100.0
0x1464d4e3c815de3028572b850c6c34dfc57e9320,100,0,7,0,0.0,100.0
0xdd3e5ba74dea995d8a057020feb2b0c710e2c982,100,0,5,0,0.0,100.0
0x2b4f28baef7a09fd61d348925304938312093139,100,0,4,0,0.0,100.0
0xd6d30f186e802c1558b8137bd730f7f4aec17ae7,100,0,7,0,0.5,100.0
0xfdadbe4c8fba7bf5f2fe1ecc82cb55f14ba379b9,100,0,16,0,0.0,100.0
0x5d47e5d242a8f66a6286b0a2353868875f5d6068,100,0,7,0,1.0,100.0
0xecf76e6901832b280502aa051b60536d0368dd39,100,0,4,0,0.0,100.0
0xdfcd4f74729d858f98fe0028d05b27226f0e8bdb,100,0,8,0,0.5,100.0
0xe9c07f68aefccb7c2153858e2939499d7c7ac919,100,0,3,0,0.0,100.0
0xd97beffdf558b269257feba5df111ab718b71e24,100,0,13,0,0.0,100.0
0xc5b1928cef3298a5b27a09055bd57149c19edd7e,100,0,21,0,0.0,100.0
0xa4f965e38a7d2795f43eebbed1c160319adbee04,100,0,20,0,0.0,100.0
0xc0f86af87512993055227539725b484e627010ff,100,0,4,0,0.0,100.0
0x42ab9e1c9332e61eba3a17b53fce2abf73dc8b12,100,0,12,0,0.0,100.0
0x527ec55e69b680cf846da2d4f9dd7f3b1b2a44cf,100,0,5,0,0.0,100.0
0xe2b8a2eaacb28a63341965982b8bc7ba88857dc0,100,0,5,0,0.0,100.0
0xa3de219c48070889bb48517f185150d991cc1e1f,100,0,5,0,0.0,100.0
0xaa228431cc2b3db67b456e5be5d6877070ed63ab,100,0,27,0,0.0,100.0
0x6526f255f7f0ee69074e1c1a4c3457f6c2262db7,100,0,12,0,0.0,100.0
0x86e65b38f1ed90920de30bd03d08d90353e46f8b,100,0,4,0,0.0,100.0
0xb806c4d481d29a73e394a7d22de04ade3d1d4780,100,0,5,0,0.0,100.0
0x2f41ed247b918d27300131f07676d33493b74363,100,0,6,0,0.0,100.0
0xa78ee63eec17dafc88c482cb5aaed1d714b85494,100,0,10,0,1.0,100.0
0x76d06be150766c497a87a90b25fb3eb34e8c4ce9,100,0,6,0,0.0,100.0
0x64faa6429aedb1bc10bc0b55b4cd61a582f7f054,100,0,8,0,0.0,100.0
0x4c6a0a3f6866fbee2f0422ec7e13cccaf426bea0,100,0,6,0,0.0,100.0
0xab8791b0ae982187b4fb4ae4612bd4c29ec6c110,100,0,10,0,1.0,100.0
0x7309740a903c08c1a2259f9e9adde8d80e6ce753,100,0,4,0,0.0,100.0
0xaaa4ab4966e54d856bf2fb33a850285b30ed45e3,100,0,16,0,0.0,100.0
0xb09cd60ad551ce7ff6bc97458b483a8d50489ee7,100,0,25,0,0.0,100.0
0x63ddb0d7750aa11251330fea651e2a7fa1db53df,100,0,13,0,0.0,100.0
0xb0e1088863f02b7edf67324d02d5093de9b19e0c,100,0,10,0,1.0,100.0
0xf8b316e1dcbd6427f3c5717d88ce7867f05fc82c,100,0,4,0,0.0,100.0
0x1c3598c87714f93413f88f955028bf00c3888ba1,100,0,5,0,0.0,100.0
0xa9eb0e4da3e799a162d3e8459c8f386ef841ceba,100,0,5,0,0.0,100.0
0xc4b485a4a6faf2a8e17a57f8ed198f058fe2b408,100,1,51,0,0.0,100.0
0xcdf449b5c9bd2a725319163c3e7f2d7222c4d8c9,100,1,112,0,1.08,100.0
0xee7e46d15df85d113d4f8b80a4d748c20fa625aa,100,0,9,0,0.14285714285714285,100.0
0x38caf77dfe8e588ec4179b8c395644312fc85c49,100,0,5,0,0.0,100.0
0x39f9f63c37a3c56043ee26b76f184f13430f454b,100,0,3,0,0.0,100.0
0x58df55d6ab2db99d440241a607d91898b9ffd046,100,1,66,0,1.5833333333333333,100.0
0x6dc1c317176fc1f7c1a7f299884c85b362f7b30e,100,0,10,0,0.0,100.0
0xcf5c590f3456a9e76633090772eced2d520d9230,100,0,5,0,0.0,100.0
0x2b5e682c00a0f873fb6cc34e6125e95090d56b40,100,0,6,0,0.0,100.0
0x14c45cd15d33eaa8aa149e3ca0e6924db143b08c,100,1,191,0,0.967032967032967,100.0
0x88856d6ce40d223177c0b345ca1f74a089bb672d,100,0,10,0,0.0,100.0
0x71bb861eee90ebc82e9ee26778309560fd361538,100,0,23,0,0.4166666666666667,100.0
0x067d4d88cba911ffc0b186fdffddf34fa675655a,100,0,4,0,0.0,100.0
0xd6b67750bb8181a327bebe28a1b5b2b440b6cff3,100,0,6,0,0.0,100.0
0x515d82a74a9aade721801da71fd35f09799cffaf,100,0,14,0,1.0,100.0
0xec305d1588a1aed8e613e493bfd08fe31fa3d7bd,100,0,6,0,0.0,100.0
0xe34c3fb6f252c676f3697d5b913236ca3510f36d,100,0,7,0,0.0,100.0
0x7e17c1fc4aa547a1423749a5b488628de365aed4,100,0,4,0,0.0,100.0
0x943980b467fe194beb923daf7a544abce90b5f93,100,0,7,0,0.0,100.0
0xb3de746d56c652ea0390233a135a4011cacd9be5,100,0,36,0,0.0,100.0
0xd8c29a026e4368ccc5135a55e77cb0872d14cdc8,100,0,11,0,0.0,100.0
0x48413d529ff56310128dc91fb9fc833bb0aef449,100,0,4,0,0.0,100.0
0x8af82f495137b95e59cbccecc4479f1e07df5f16,100,0,12,0,0.0,100.0
0x978aad63fe35f7a72573c411c3dff53608aaeac9,100,0,26,0,0.0,100.0
0xd4d5b2788812b2c4df6684050361a0204c9985b6,100,0,10,0,0.0,100.0
0x5bb73e04b810527b14b87c37eff3d62481f2d416,100,0,3,0,0.0,100.0
0x72d9f391dfc352105b8aa391475007d4bcefe1e4,100,0,15,0,0.0,100.0
